{"SnapshotNumber": 127, "radii": [5.0, 15.0, 25.0, 35.0, 45.0, 55.0, 65.0, 75.0, 85.0, 95.0, 105.0, 115.0, 125.0, 135.0, 145.0, 155.0, 165.0, 175.0, 185.0, 195.0, 205.0, 215.0, 225.0, 235.0, 245.0, 255.0, 265.0, 275.0, 285.0, 295.0, 305.0, 315.0, 325.0, 335.0, 345.0, 355.0, 365.0, 375.0, 385.0, 395.0, 405.0, 415.0, 425.0, 435.0, 445.0, 455.0, 465.0, 475.0, 485.0, 495.0, 505.0, 515.0, 525.0, 535.0, 545.0, 555.0, 565.0, 575.0, 585.0, 595.0, 605.0, 615.0, 625.0, 635.0, 645.0, 655.0, 665.0, 675.0, 685.0, 695.0, 705.0, 715.0, 725.0, 735.0, 745.0, 755.0, 765.0, 775.0, 785.0, 795.0, 805.0, 815.0, 825.0, 835.0, 845.0, 855.0, 865.0, 875.0, 885.0, 895.0, 905.0, 915.0, 925.0, 935.0, 945.0, 955.0, 965.0, 975.0, 985.0, 995.0], "rho_p16": [247718.263125, 31433.180546875, 12678.202109374999, 7593.46962890625, 4963.7421484375, 3136.6776953125, 1967.9156640625, 1281.77748046875, 1004.6764013671875, 953.1357177734375, 1008.2325122070313, 952.9262890625, 891.8574609375, 831.876611328125, 830.75916015625, 826.5774780273438, 755.7731298828126, 695.3551025390625, 639.4644189453126, 596.286240234375, 578.000244140625, 554.9818115234375, 532.23927734375, 500.93320556640623, 452.9930139160156, 411.93475952148435, 363.24133544921875, 316.48487670898436, 293.96313842773435, 269.0445703125, 238.5275665283203, 214.33624694824218, 194.38408508300782, 177.25008850097657, 166.75323791503905, 147.98981994628906, 132.77065856933595, 125.39976928710938, 111.34798004150392, 104.10234222412109, 97.24020935058594, 90.95936889648438, 83.87222412109375, 80.70801239013672, 77.57249450683594, 72.28837585449219, 69.78123016357422, 67.76933227539062, 64.37076904296875, 59.57990127563477, 58.15139312744141, 54.2669970703125, 51.406664276123045, 49.665165710449216, 48.35068710327148, 44.52174377441406, 44.11836608886719, 41.64214935302734, 39.61097869873047, 38.64400848388672, 35.81662445068359, 33.35855209350586, 32.117985534667966, 31.276561584472656, 31.018741607666016, 29.725934524536132, 27.942556457519533, 26.006098556518555, 24.969731750488283, 21.57525978088379, 20.34430519104004, 18.67701644897461, 19.801569900512696, 16.72703155517578, 17.04481773376465, 15.989388732910157, 14.662451362609865, 14.819118309020999, 13.944658279418945, 13.137114486694335, 12.80997386932373, 12.184598503112793, 11.352541999816895, 10.867407875061035, 10.872065162658691, 10.457002487182617, 10.439878997802735, 9.768260955810547, 9.549474563598633, 9.181527214050293, 9.022695579528808, 8.65454559326172, 8.285391960144043, 8.123315620422364, 7.950392265319825, 7.762415103912353, 7.434912834167481, 7.477579078674316, 7.223595046997071, 7.094128818511963], "rho_med": [789092.5, 118270.71875, 59029.02734375, 36387.85546875, 17083.9296875, 7864.039306640625, 4546.15576171875, 2757.271484375, 2082.64501953125, 1801.221923828125, 1633.2017822265625, 1535.7374267578125, 1431.670654296875, 1319.3953247070312, 1257.353759765625, 1218.555908203125, 1129.2410888671875, 1040.921630859375, 952.3769836425781, 906.1426086425781, 873.09619140625, 827.7582397460938, 782.7328186035156, 723.0023193359375, 662.2388305664062, 613.78857421875, 551.4796142578125, 503.30938720703125, 461.2182312011719, 416.5681457519531, 379.92933654785156, 341.9022979736328, 310.32135009765625, 286.10523986816406, 268.6078796386719, 246.7215118408203, 228.86639404296875, 212.39200592041016, 201.32489776611328, 183.5203094482422, 174.04824829101562, 163.9375457763672, 154.38723754882812, 147.79962158203125, 139.86001586914062, 131.3145751953125, 128.28902435302734, 123.69290161132812, 117.61396789550781, 112.6176872253418, 108.2448501586914, 106.14663314819336, 99.23319244384766, 95.73153686523438, 92.22880554199219, 87.16575622558594, 85.49793243408203, 82.67830657958984, 78.77975845336914, 73.9657974243164, 73.90353393554688, 69.51179122924805, 66.89593505859375, 64.09586334228516, 60.33941078186035, 60.776960372924805, 56.59579086303711, 53.434410095214844, 52.859880447387695, 49.18281173706055, 47.222713470458984, 45.607818603515625, 44.13962936401367, 41.461708068847656, 40.023921966552734, 39.34833335876465, 37.01052665710449, 35.85305213928223, 34.71139907836914, 33.35784339904785, 31.332332611083984, 31.1480770111084, 28.64155387878418, 28.460949897766113, 27.79047966003418, 26.407329559326172, 26.650211334228516, 24.75722312927246, 24.183330535888672, 23.456957817077637, 21.51130485534668, 21.6839656829834, 20.18580722808838, 19.518808364868164, 19.62879753112793, 18.880407333374023, 17.952624320983887, 18.224525451660156, 18.441509246826172, 17.551477432250977], "rho_p84": [3971204.73, 1460773.075, 665710.5650000001, 275141.0062499999, 81485.2453125, 30235.42875, 14127.002148437501, 6772.1880664062455, 3795.79748046875, 2997.9003906249995, 2572.9241796875, 2363.2295703124996, 2146.9559179687494, 1974.588876953125, 1862.0529638671871, 1746.5025146484372, 1650.2896630859375, 1526.844970703125, 1403.1382177734374, 1311.44115234375, 1272.5157958984373, 1201.011669921875, 1117.24576171875, 1022.9676953125, 946.1178417968749, 877.5333251953125, 799.321796875, 740.63673828125, 668.4905126953125, 618.5021923828125, 543.4787963867187, 494.1573754882813, 453.6280261230468, 427.39684448242184, 400.3504956054687, 372.95037475585934, 348.787977294922, 321.4132678222656, 306.05662353515623, 288.9521179199219, 274.8789379882812, 264.0883056640625, 257.35023437499996, 242.36784362792966, 233.56550720214844, 223.5979278564453, 215.05116455078124, 207.52848327636713, 199.3544708251953, 191.38945739746092, 190.67987609863275, 188.9100030517578, 178.73937377929676, 177.573257446289, 172.81349243164058, 173.99288879394535, 165.06942932128905, 163.02196044921874, 155.03092346191406, 150.05011413574218, 147.93157958984372, 145.66304565429687, 143.00461181640622, 140.9572204589843, 137.78585998535155, 132.3665557861329, 130.90791442871094, 121.75376586914064, 118.79804473876938, 114.65546874999998, 109.44275787353516, 106.62503967285159, 101.52694061279287, 100.83008575439453, 97.98503112792969, 95.09017944335938, 93.02728424072266, 89.56098144531246, 87.33631866455077, 82.35388092041016, 80.33979888916015, 78.92120666503907, 75.79699768066403, 75.65313262939453, 75.15328369140624, 75.61651641845704, 70.89594879150388, 69.16507873535157, 68.27946258544921, 67.52528259277345, 67.00054016113275, 68.1290542602539, 66.30179626464843, 65.48759613037109, 65.87741638183593, 64.30293609619136, 65.99848175048828, 60.61214889526366, 59.704066467285124, 59.13818481445311],