{"SnapshotNumber": 127, "radii": [5.0, 15.0, 25.0, 35.0, 45.0, 55.0, 65.0, 75.0, 85.0, 95.0, 105.0, 115.0, 125.0, 135.0, 145.0, 155.0, 165.0, 175.0, 185.0, 195.0, 205.0, 215.0, 225.0, 235.0, 245.0, 255.0, 265.0, 275.0, 285.0, 295.0, 305.0, 315.0, 325.0, 335.0, 345.0, 355.0, 365.0, 375.0, 385.0, 395.0, 405.0, 415.0, 425.0, 435.0, 445.0, 455.0, 465.0, 475.0, 485.0, 495.0, 505.0, 515.0, 525.0, 535.0, 545.0, 555.0, 565.0, 575.0, 585.0, 595.0, 605.0, 615.0, 625.0, 635.0, 645.0, 655.0, 665.0, 675.0, 685.0, 695.0, 705.0, 715.0, 725.0, 735.0, 745.0, 755.0, 765.0, 775.0, 785.0, 795.0, 805.0, 815.0, 825.0, 835.0, 845.0, 855.0, 865.0, 875.0, 885.0, 895.0, 905.0, 915.0, 925.0, 935.0, 945.0, 955.0, 965.0, 975.0, 985.0, 995.0], "rho_p16": [241697.735625, 30947.348671875, 12298.6609375, 7488.723730468751, 4814.928125, 3120.8232421875, 1914.7827783203127, 1313.9281884765626, 993.6232568359376, 949.6416235351562, 999.6263696289063, 957.9344140625, 892.0214331054688, 836.0839501953126, 817.193779296875, 814.3813061523438, 763.2342309570313, 695.5533203125, 636.5173803710937, 604.0612255859374, 571.574326171875, 552.4483764648437, 529.6801220703124, 494.24070434570314, 457.60581298828123, 414.9346862792969, 363.28046142578125, 322.318642578125, 297.2489440917969, 268.32219360351564, 238.09572021484377, 215.89664245605468, 199.15129333496094, 173.845693359375, 165.55046386718752, 147.49338073730468, 136.00014770507812, 124.43179412841796, 113.76391723632813, 104.62344207763672, 97.20661254882812, 92.23280822753907, 87.23957672119141, 82.60974456787109, 77.92590911865234, 71.63862823486328, 69.50169708251953, 68.56180389404297, 63.41312973022461, 60.2793327331543, 58.81540985107422, 55.88067306518555, 51.70649642944336, 49.72316284179688, 47.48956741333008, 45.136508026123046, 42.96596313476563, 41.35714691162109, 39.189657592773436, 38.14253402709961, 36.8040153503418, 33.54052963256836, 32.60759750366211, 30.932073516845705, 30.12298164367676, 29.207306289672854, 27.068530654907228, 26.222910614013674, 25.915214920043944, 22.05869209289551, 21.914322128295897, 18.66007164001465, 20.449066162109375, 17.379584884643556, 18.07971649169922, 15.53526195526123, 14.80662269592285, 14.475865936279297, 14.402839126586914, 13.134179611206056, 12.204693832397462, 12.08969654083252, 11.553377265930175, 11.1701371383667, 10.736543922424316, 10.347320785522461, 10.223482933044433, 9.794326705932617, 9.62710807800293, 9.18238712310791, 8.911949272155761, 8.610657768249512, 8.33195915222168, 8.059514007568358, 7.935735607147217, 7.724225502014161, 7.536645202636719, 7.3499884605407715, 7.192147464752197, 7.007967185974121], "rho_med": [802952.09375, 111684.1328125, 57413.69140625, 35984.236328125, 17811.85546875, 8137.64794921875, 4636.6865234375, 2822.1243896484375, 2102.9100341796875, 1770.3914184570312, 1660.2105712890625, 1545.8455810546875, 1421.3764038085938, 1326.2142333984375, 1267.57763671875, 1216.5679321289062, 1140.7236938476562, 1039.3443603515625, 959.9739685058594, 904.4618835449219, 859.8958740234375, 826.7234497070312, 774.74462890625, 725.57861328125, 669.1387329101562, 616.115966796875, 551.802490234375, 501.49168395996094, 454.1893615722656, 422.3392333984375, 383.3155517578125, 338.6668701171875, 310.7221374511719, 286.0481262207031, 266.1688232421875, 246.4304962158203, 227.35682678222656, 211.8507537841797, 198.30603790283203, 184.41270446777344, 177.06682586669922, 162.9865493774414, 155.41744995117188, 146.3839111328125, 140.24412536621094, 133.325927734375, 127.66200256347656, 123.00782012939453, 117.24021911621094, 111.35210037231445, 109.12266540527344, 103.6242904663086, 98.54431533813477, 94.50802993774414, 92.36856842041016, 88.76157760620117, 84.9264144897461, 80.23983001708984, 77.99124526977539, 75.05450820922852, 72.52877044677734, 68.287109375, 66.19186401367188, 63.66246032714844, 60.844608306884766, 59.712276458740234, 55.91865158081055, 53.84978103637695, 54.32521057128906, 48.349430084228516, 46.97577667236328, 46.132564544677734, 43.896793365478516, 41.490230560302734, 40.29829788208008, 38.30872344970703, 37.73922348022461, 35.435428619384766, 35.49190330505371, 32.40223503112793, 31.236618041992188, 30.98957061767578, 29.828042030334473, 28.459564208984375, 28.539348602294922, 27.20020294189453, 26.020702362060547, 25.112935066223145, 24.443124771118164, 23.467758178710938, 21.700897216796875, 21.962337493896484, 20.334416389465332, 19.780412673950195, 19.742778778076172, 18.720746994018555, 18.627521514892578, 17.951271057128906, 17.627826690673828, 17.357111930847168], "rho_p84": [3965269.279999998, 1422794.5299999993, 641371.8499999997, 271505.1875, 79475.36875000001, 30217.71093749998, 14292.540468749996, 6476.39873046875, 3790.75435546875, 2991.4530566406247, 2591.9687597656252, 2381.0170605468747, 2184.4666796875003, 1974.457373046875, 1874.9202392578125, 1748.8219091796873, 1663.5685742187497, 1515.234375, 1390.6180468750001, 1297.6221923828125, 1283.6728515625, 1224.7608154296868, 1112.8821337890624, 1023.3597900390624, 940.6799682617185, 863.2059204101562, 801.2518237304687, 734.3235424804685, 664.4307861328125, 612.9009082031249, 546.4543896484375, 491.3268054199219, 454.88859985351564, 424.9195080566406, 406.245849609375, 367.8837097167969, 348.97454223632815, 326.06065063476564, 307.7965466308594, 287.0103967285156, 276.06895751953124, 261.3411657714844, 255.7300573730469, 242.19141296386715, 231.14085632324216, 222.22926635742186, 216.41534606933592, 206.0512274169922, 200.43252014160157, 197.0843237304687, 193.89970703125, 187.49961669921873, 179.0536962890625, 178.11398620605468, 174.4029577636718, 172.8810998535156, 165.9994989013672, 166.1757647705078, 153.89409790039062, 153.1682177734375, 150.87309875488273, 149.95054016113284, 141.7646649169922, 137.7910028076172, 136.18682983398438, 132.70157226562497, 130.30822753906247, 123.68811157226563, 120.22578582763668, 113.82402618408203, 109.31507843017577, 107.3979574584961, 101.6615219116211, 99.07898376464844, 97.97106567382812, 95.30070037841796, 93.46531158447264, 87.41385803222656, 85.59375030517577, 83.92924987792964, 79.46590881347653, 79.22443908691403, 75.32013732910156, 75.1531411743164, 74.41106475830078, 75.07013732910156, 71.17011627197263, 70.92710815429682, 68.88660034179692, 68.83901153564459, 67.13569793701171, 67.4456460571289, 67.95931884765608, 64.10586914062495, 65.756982421875, 64.00169860839843, 64.41851593017579, 60.914669036865234, 59.8763458251953, 59.92490463256835],