{"SnapshotNumber": 127, "radii": [5.0, 15.0, 25.0, 35.0, 45.0, 55.0, 65.0, 75.0, 85.0, 95.0, 105.0, 115.0, 125.0, 135.0, 145.0, 155.0, 165.0, 175.0, 185.0, 195.0, 205.0, 215.0, 225.0, 235.0, 245.0, 255.0, 265.0, 275.0, 285.0, 295.0, 305.0, 315.0, 325.0, 335.0, 345.0, 355.0, 365.0, 375.0, 385.0, 395.0, 405.0, 415.0, 425.0, 435.0, 445.0, 455.0, 465.0, 475.0, 485.0, 495.0, 505.0, 515.0, 525.0, 535.0, 545.0, 555.0, 565.0, 575.0, 585.0, 595.0, 605.0, 615.0, 625.0, 635.0, 645.0, 655.0, 665.0, 675.0, 685.0, 695.0, 705.0, 715.0, 725.0, 735.0, 745.0, 755.0, 765.0, 775.0, 785.0, 795.0, 805.0, 815.0, 825.0, 835.0, 845.0, 855.0, 865.0, 875.0, 885.0, 895.0, 905.0, 915.0, 925.0, 935.0, 945.0, 955.0, 965.0, 975.0, 985.0, 995.0], "rho_p16": [228130.15625, 29176.40390625, 11617.94859375, 5359.67775390625, 3080.890234375, 2058.2400390625, 1465.5812109375, 1149.3053173828125, 898.2607885742187, 741.6149658203125, 627.0486791992188, 549.401123046875, 497.2886010742188, 439.5879333496094, 394.72880859375005, 327.39000244140624, 307.3768701171875, 265.33781372070314, 245.76653381347657, 216.63928283691405, 193.9844970703125, 183.2262939453125, 174.13821105957032, 160.02287048339844, 140.83987426757812, 128.12985290527345, 116.15888061523438, 107.15659271240234, 98.67935302734375, 92.43280670166016, 87.70072845458985, 82.66085357666016, 76.58259521484375, 69.93225280761719, 67.4282147216797, 61.80442840576172, 57.51562438964844, 54.84642318725586, 52.45236557006836, 47.84989440917969, 47.195319976806644, 43.598882598876955, 41.365293426513674, 39.35762405395508, 36.86839904785156, 34.99763137817383, 33.49559600830078, 31.20282096862793, 29.911891860961916, 28.769246063232423, 27.69350776672363, 26.4961238861084, 25.79442153930664, 25.013751449584962, 23.43071174621582, 22.563248291015626, 22.229264984130857, 21.351705474853517, 20.85005989074707, 19.363537979125976, 18.87903144836426, 18.325840377807616, 17.67425064086914, 17.34618377685547, 16.83042205810547, 16.112103576660157, 15.603563385009766, 14.992524681091309, 14.363002815246583, 14.131362075805665, 13.7858939743042, 13.226116180419922, 12.7270938873291, 12.544467697143554, 12.02683391571045, 11.71514949798584, 11.535187377929688, 11.087852478027344, 11.117957725524903, 10.614647407531738, 10.06089973449707, 10.264129486083984, 9.76118335723877, 9.703268814086915, 9.495627212524415, 9.33712677001953, 8.933002471923828, 8.839993591308593, 8.703143692016601, 8.48551383972168, 8.409402503967286, 8.13970947265625, 8.202534484863282, 7.982903003692627, 7.766934776306153, 7.48268310546875, 7.344519367218018, 7.354544715881348, 7.0817445945739745, 6.954844284057617], "rho_med": [682766.1875, 101816.91796875, 49289.9765625, 14109.2314453125, 7168.273193359375, 4450.07958984375, 2980.443603515625, 2265.9765625, 1783.4970092773438, 1450.5460815429688, 1228.448486328125, 1079.611083984375, 977.0210571289062, 859.0796813964844, 757.2662048339844, 669.4229736328125, 608.3678283691406, 537.982177734375, 483.7645721435547, 437.65802001953125, 388.9224853515625, 359.8639831542969, 340.1773681640625, 305.78369140625, 282.9501953125, 261.07684326171875, 229.9476318359375, 214.51754760742188, 199.37493896484375, 188.4987335205078, 176.32958984375, 166.21275329589844, 153.97171020507812, 147.1772918701172, 139.1732940673828, 127.59052276611328, 117.55339050292969, 112.22712326049805, 106.1739730834961, 99.03234100341797, 95.90245819091797, 90.55763626098633, 84.27001953125, 80.39981842041016, 75.62808227539062, 72.42499542236328, 68.51860809326172, 64.65753936767578, 62.89394187927246, 61.796194076538086, 59.23492431640625, 56.09652328491211, 55.497093200683594, 54.27377891540527, 51.246896743774414, 49.90520668029785, 47.593833923339844, 46.57362747192383, 44.934043884277344, 42.33604049682617, 42.32258224487305, 40.49171257019043, 40.7436637878418, 39.49098777770996, 38.834381103515625, 36.829322814941406, 34.725887298583984, 34.047977447509766, 32.21476936340332, 32.90705871582031, 31.570046424865723, 29.81633949279785, 29.343029022216797, 29.341694831848145, 28.037996292114258, 26.862669944763184, 26.24395179748535, 26.28567123413086, 25.768497467041016, 23.857707977294922, 23.58073616027832, 23.12639617919922, 22.27010726928711, 21.913888931274414, 22.361160278320312, 20.953601837158203, 19.44954776763916, 20.249540328979492, 19.727798461914062, 19.525720596313477, 20.56036376953125, 20.7475004196167, 19.32407569885254, 19.407734870910645, 19.584619522094727, 19.08343505859375, 19.4527530670166, 18.97040557861328, 19.227821350097656, 17.3309383392334], "rho_p84": [2406999.75, 1390733.8499999999, 299952.92624999996, 61662.274062499986, 25051.519140624976, 12356.054101562495, 7006.820976562497, 4522.947031249999, 3409.417373046874, 2771.974492187499, 2259.74884765625, 1930.411669921874, 1721.701650390625, 1548.9891357421875, 1357.0502197265625, 1151.5253173828123, 1037.2534423828124, 939.2095043945311, 853.7086474609374, 739.9770678710936, 670.0491552734375, 610.8169189453125, 566.1566748046876, 527.0827294921875, 476.28338623046875, 427.88155151367175, 390.0735961914063, 361.51490600585936, 334.5883996582031, 315.38362182617186, 300.14707275390623, 283.02373046874993, 261.6515002441406, 254.09824645996093, 239.0931231689453, 230.83610412597656, 210.9737042236327, 199.90602783203124, 190.05483459472657, 182.85974975585938, 174.79195434570312, 165.92098083496091, 155.08833007812495, 150.37976196289063, 142.2557434082031, 137.17477294921875, 128.99041015625, 126.18717803955073, 123.9177169799805, 124.25542724609375, 120.19845886230466, 120.14216613769531, 121.05245483398437, 119.35195373535156, 118.14823913574219, 115.90684661865234, 115.02726867675774, 112.88954956054688, 114.969140625, 106.45004272460933, 109.1851040649414, 107.3417886352539, 108.39837860107419, 110.31555023193359, 111.75337921142578, 108.8921139526367, 111.14008514404296, 115.68328552246093, 113.73200866699216, 110.28367340087887, 112.43888000488282, 111.74989166259769, 112.18010864257812, 112.00326354980467, 109.41501922607421, 113.7647598266602, 113.72440093994138, 114.2055435180664, 111.25202117919915, 107.38876281738276, 112.8045928955078, 103.41301300048832, 101.27360565185545, 97.41665954589843, 96.68283081054689, 91.94525177001954, 94.21392059326172, 91.49096466064445, 90.65453674316406, 91.60121704101554, 90.48174041748045, 91.60881805419922, 89.20461181640624, 87.27947998046875, 86.74583435058591, 86.71999084472655, 85.07970947265623, 88.7195376586914, 86.61237762451172, 82.64387939453124],