{"SnapshotNumber": 127, "radii": [5.0, 15.0, 25.0, 35.0, 45.0, 55.0, 65.0, 75.0, 85.0, 95.0, 105.0, 115.0, 125.0, 135.0, 145.0, 155.0, 165.0, 175.0, 185.0, 195.0, 205.0, 215.0, 225.0, 235.0, 245.0, 255.0, 265.0, 275.0, 285.0, 295.0, 305.0, 315.0, 325.0, 335.0, 345.0, 355.0, 365.0, 375.0, 385.0, 395.0, 405.0, 415.0, 425.0, 435.0, 445.0, 455.0, 465.0, 475.0, 485.0, 495.0, 505.0, 515.0, 525.0, 535.0, 545.0, 555.0, 565.0, 575.0, 585.0, 595.0, 605.0, 615.0, 625.0, 635.0, 645.0, 655.0, 665.0, 675.0, 685.0, 695.0, 705.0, 715.0, 725.0, 735.0, 745.0, 755.0, 765.0, 775.0, 785.0, 795.0, 805.0, 815.0, 825.0, 835.0, 845.0, 855.0, 865.0, 875.0, 885.0, 895.0, 905.0, 915.0, 925.0, 935.0, 945.0, 955.0, 965.0, 975.0, 985.0, 995.0], "rho_p16": [232681.199375, 29430.19109375, 11229.5560546875, 5401.602578125, 3104.565126953125, 2048.35390625, 1508.2130322265625, 1126.8784228515624, 899.2152221679687, 749.3836157226563, 629.8383203125, 554.6457153320313, 492.67305297851567, 457.13380126953126, 379.78760986328126, 333.34546508789066, 307.1791259765625, 268.7560119628906, 242.00231567382812, 219.91815490722658, 193.54111083984375, 186.09496398925782, 174.34053588867187, 157.00950988769532, 146.7285467529297, 128.5860546875, 116.97233367919922, 109.11167053222657, 99.42061950683593, 92.15400573730469, 89.68394226074219, 82.3158950805664, 79.04099884033204, 72.34677947998047, 68.29784240722657, 62.24221954345703, 57.578401489257814, 54.64998977661133, 51.717349700927734, 48.402429809570314, 46.33643676757813, 43.98065032958984, 40.77389801025391, 38.97047729492188, 36.82456893920899, 34.64148910522461, 33.03313430786133, 31.047993469238282, 29.48240539550781, 28.65130157470703, 28.248522415161133, 26.652684326171876, 25.814666595458984, 25.323120346069334, 23.879284286499022, 22.758435440063476, 22.308125610351563, 21.351358489990233, 20.484493331909178, 19.728544845581055, 18.99921859741211, 18.179000244140624, 17.51274757385254, 17.461180648803712, 16.836838150024413, 16.141305618286133, 15.5554988861084, 14.968952255249024, 14.655325736999512, 14.016338806152344, 13.679585571289062, 13.207563591003417, 12.581460494995117, 12.618122482299805, 12.078714866638183, 11.746176109313964, 11.492219314575195, 11.062255554199218, 11.05810832977295, 10.721984252929687, 10.198015480041503, 10.181983642578125, 9.707440757751465, 9.607760124206543, 9.634474906921387, 9.29270133972168, 8.982041091918946, 8.702541847229003, 8.666540222167969, 8.597425765991211, 8.405722045898438, 8.292797088623047, 8.058769989013673, 7.93793140411377, 7.877869129180908, 7.557527256011963, 7.436740684509277, 7.322088088989258, 7.2145718002319335, 7.009606380462646], "rho_med": [679905.90625, 107408.375, 46893.171875, 14252.181640625, 7114.8173828125, 4299.69775390625, 2987.20751953125, 2240.0140380859375, 1765.45654296875, 1460.7000122070312, 1249.9761962890625, 1084.5029296875, 982.0468139648438, 879.0079345703125, 766.3882446289062, 674.8670043945312, 602.9776611328125, 536.5875854492188, 485.060546875, 434.34906005859375, 388.8583679199219, 358.3953399658203, 343.75640869140625, 308.81982421875, 284.7690734863281, 257.5840148925781, 228.7252960205078, 213.09942626953125, 195.96720123291016, 187.53929138183594, 179.75201416015625, 166.06175231933594, 155.55043029785156, 143.63035583496094, 139.73133087158203, 126.95937728881836, 118.16719818115234, 114.71922302246094, 106.149169921875, 100.06065368652344, 95.15283966064453, 92.71715545654297, 85.52666473388672, 79.39083099365234, 76.06473541259766, 72.9535140991211, 68.58502960205078, 66.02102661132812, 63.17940139770508, 60.469627380371094, 59.06915283203125, 56.7246208190918, 56.13942337036133, 54.07976150512695, 50.78313064575195, 49.208534240722656, 48.40070343017578, 46.54484176635742, 45.43889617919922, 43.02560043334961, 42.111900329589844, 39.94972801208496, 40.26041030883789, 38.22321319580078, 37.195186614990234, 35.84197235107422, 35.975454330444336, 34.10820198059082, 32.217458724975586, 32.6721076965332, 31.40138816833496, 30.18106174468994, 29.466794967651367, 28.680072784423828, 28.059250831604004, 27.232605934143066, 26.60370445251465, 25.52776336669922, 24.914090156555176, 25.031339645385742, 22.995328903198242, 22.778199195861816, 22.306941986083984, 21.969470977783203, 21.465410232543945, 21.09232521057129, 20.115386962890625, 19.255891799926758, 19.460156440734863, 19.413715362548828, 20.532930374145508, 20.271841049194336, 20.08530616760254, 20.086631774902344, 19.883392333984375, 19.412561416625977, 18.965551376342773, 18.684545516967773, 18.44036293029785, 18.086031913757324], "rho_p84": [2475008.0300000003, 1477904.255, 294255.12000000005, 59834.64265624999, 25112.925859375, 12406.3401953125, 6915.317792968744, 4455.41986328125, 3429.2556640624994, 2815.0514648437493, 2240.7217480468753, 1928.228291015625, 1735.4186279296873, 1539.0224365234374, 1337.9411865234372, 1150.9057373046876, 1038.5956689453124, 934.1827392578125, 846.0612915039062, 734.6746313476563, 670.2095654296875, 607.3968359375, 565.6883935546875, 525.5697827148438, 474.248388671875, 427.6316552734375, 387.8517736816406, 357.38733032226565, 337.1806311035157, 315.53499999999997, 297.87218017578124, 286.49426147460946, 262.02394287109377, 247.8386590576172, 237.4983038330078, 230.22021423339845, 209.46656372070302, 205.36529907226557, 190.30545104980467, 182.6148602294922, 171.83695312499995, 163.19124450683594, 155.62104003906256, 150.45272705078122, 139.8440710449219, 137.7700677490234, 130.27331481933592, 126.64493530273438, 124.51739837646484, 123.05258331298828, 123.30637634277345, 119.40080017089842, 118.90340362548827, 118.9733837890625, 116.2544561767578, 116.26189117431639, 116.58570770263671, 113.3098791503906, 109.96509796142576, 107.2943341064453, 109.45096801757812, 107.93102325439452, 105.89985046386717, 108.53210296630859, 104.8389190673828, 110.28689514160155, 112.00485839843745, 112.29861785888673, 111.84924133300775, 110.09459991455078, 112.6731298828125, 111.42034210205078, 109.78631774902342, 115.64812957763668, 110.75526123046875, 112.70238891601558, 114.69246124267578, 108.33774383544922, 105.48622131347646, 108.41050537109372, 111.88997100830078, 101.95654846191407, 101.96997222900389, 95.37078796386719, 97.5164804077148, 92.9424331665039, 96.6611883544922, 88.4355923461914, 93.56798034667969, 88.10354217529292, 91.37453308105468, 90.93219024658205, 88.98313629150393, 87.34711944580067, 85.64740173339842, 86.47337036132815, 84.51334991455076, 85.82782775878906, 86.45404052734375, 81.56076538085935],