{"SnapshotNumber": 127, "radii": [5.0, 15.0, 25.0, 35.0, 45.0, 55.0, 65.0, 75.0, 85.0, 95.0, 105.0, 115.0, 125.0, 135.0, 145.0, 155.0, 165.0, 175.0, 185.0, 195.0, 205.0, 215.0, 225.0, 235.0, 245.0, 255.0, 265.0, 275.0, 285.0, 295.0, 305.0, 315.0, 325.0, 335.0, 345.0, 355.0, 365.0, 375.0, 385.0, 395.0, 405.0, 415.0, 425.0, 435.0, 445.0, 455.0, 465.0, 475.0, 485.0, 495.0, 505.0, 515.0, 525.0, 535.0, 545.0, 555.0, 565.0, 575.0, 585.0, 595.0, 605.0, 615.0, 625.0, 635.0, 645.0, 655.0, 665.0, 675.0, 685.0, 695.0, 705.0, 715.0, 725.0, 735.0, 745.0, 755.0, 765.0, 775.0, 785.0, 795.0, 805.0, 815.0, 825.0, 835.0, 845.0, 855.0, 865.0, 875.0, 885.0, 895.0, 905.0, 915.0, 925.0, 935.0, 945.0, 955.0, 965.0, 975.0, 985.0, 995.0], "rho_p16": [261417.1875, 34066.64453125, 14333.9307421875, 6280.0527929687505, 3443.163095703125, 2341.171875, 1752.470654296875, 1444.279375, 1544.6889111328126, 1400.237841796875, 1236.048779296875, 1108.6298974609374, 1086.6875244140624, 1023.9134423828125, 917.1670532226562, 819.2569848632812, 722.0695263671876, 644.915625, 573.0384521484375, 524.0767211914062, 463.4259094238281, 432.62729736328123, 394.34781372070313, 360.97431884765626, 340.4086486816406, 309.0927526855469, 282.67460083007813, 266.7262487792969, 257.42253540039064, 239.6665069580078, 230.824765625, 218.38273132324218, 210.00901306152343, 200.73144287109375, 194.24026184082032, 181.9650439453125, 174.60581298828126, 164.26841003417968, 152.15625, 147.0682293701172, 140.74564514160156, 134.67783264160155, 125.6438558959961, 121.63399963378906, 113.60493103027343, 108.50762786865235, 99.35640899658203, 94.58042755126954, 87.0997314453125, 80.70173431396485, 75.27330139160156, 73.66259490966797, 62.84365859985351, 58.515255279541016, 51.72334854125977, 49.67087860107422, 45.89461791992188, 42.91336166381836, 40.05691665649414, 37.70106430053711, 35.64346282958984, 33.12606201171875, 32.23142700195313, 28.63009567260742, 26.242967987060545, 24.679280624389648, 21.46488983154297, 20.827807083129883, 18.860567092895508, 19.5565673828125, 17.374622726440432, 16.292871246337892, 16.2986572265625, 15.626040077209472, 14.017157363891602, 14.002344551086425, 13.836620140075683, 12.938410682678223, 12.692661666870118, 11.945266113281251, 11.842751502990723, 11.497915267944336, 11.05014934539795, 10.938244361877441, 10.202302131652832, 10.237379112243651, 9.45231372833252, 9.508429527282715, 9.066075973510742, 8.953464241027833, 8.917737998962401, 8.45702579498291, 8.345759506225585, 8.06928825378418, 7.898365173339844, 7.96441692352295, 7.527140579223633, 7.359309673309326, 7.3161975860595705, 7.075072078704834], "rho_med": [1069901.0625, 127139.7578125, 59010.21875, 16372.4677734375, 7869.456298828125, 4928.319091796875, 3585.0458984375, 2968.056396484375, 2659.29931640625, 2357.3436279296875, 2052.9132080078125, 1841.119384765625, 1698.4476318359375, 1583.7213134765625, 1433.0828857421875, 1272.0816650390625, 1129.902587890625, 1032.57470703125, 922.1195983886719, 828.729248046875, 770.0306396484375, 702.7869262695312, 648.5728149414062, 603.9970092773438, 559.290771484375, 516.1467895507812, 479.89649963378906, 454.9042053222656, 425.92755126953125, 397.3927459716797, 378.09521484375, 362.6344299316406, 347.6087188720703, 328.702392578125, 319.40037536621094, 303.5748596191406, 290.0596923828125, 275.1942138671875, 259.51019287109375, 246.0198211669922, 231.31993103027344, 222.18057250976562, 211.83063507080078, 202.25547790527344, 191.8658905029297, 180.25249481201172, 171.40164184570312, 163.79095458984375, 153.52821350097656, 147.19985961914062, 139.4889678955078, 132.24542236328125, 125.73725891113281, 115.23793411254883, 109.64835739135742, 103.94182968139648, 97.32063293457031, 91.93914031982422, 85.85334777832031, 83.32714462280273, 77.60970306396484, 73.40068435668945, 70.02356338500977, 67.07678985595703, 60.88295364379883, 60.545183181762695, 57.62274169921875, 56.32448959350586, 52.40157508850098, 51.25407791137695, 47.45524978637695, 45.81719398498535, 42.898536682128906, 43.93496894836426, 39.88945770263672, 38.490692138671875, 38.09735298156738, 36.98640441894531, 35.481346130371094, 33.62996864318848, 34.0848503112793, 32.30029296875, 30.67068099975586, 31.185575485229492, 29.192859649658203, 28.951391220092773, 27.29392433166504, 25.931363105773926, 25.87650489807129, 25.498866081237793, 25.08705711364746, 23.136516571044922, 22.978004455566406, 21.630962371826172, 21.88007926940918, 23.08871841430664, 21.166349411010742, 21.217714309692383, 20.160215377807617, 19.320764541625977], "rho_p84": [6129225.0, 2177139.969999999, 312572.22375000006, 80010.78156250001, 26523.377265624982, 11977.4482421875, 7421.166933593747, 5651.56748046875, 5031.293437499999, 4161.051367187501, 3337.2775390624997, 2872.428818359375, 2669.6864746093743, 2394.678681640625, 2100.1791992187495, 1895.2591552734375, 1704.897329101562, 1564.687548828125, 1434.06640625, 1335.9301904296874, 1254.7091992187497, 1111.3774462890624, 1020.4345190429686, 937.2587109375, 881.9349487304687, 830.6716284179687, 792.0766088867188, 733.4087670898436, 681.4693896484375, 638.4587280273437, 616.2972802734375, 580.23556640625, 551.4781005859376, 529.0674096679686, 506.2473913574218, 494.3928662109375, 460.5621215820312, 440.7713635253906, 408.57733764648435, 392.9358972167969, 374.49460449218753, 349.5543505859375, 340.6811242675781, 332.9545043945313, 313.9232067871092, 301.89171630859374, 288.7237072753905, 279.6483581542969, 266.32670288085933, 263.71425781249985, 252.54076171875, 245.37699462890623, 241.24877014160157, 236.83957519531242, 220.43995605468734, 216.14093933105468, 206.4850732421874, 198.75511718749993, 193.92749755859373, 189.15767761230464, 179.22098815917968, 174.51446533203122, 165.2524505615235, 161.87377380371092, 150.13359863281252, 147.35799072265627, 137.42795349121093, 134.12661621093756, 124.8156457519531, 119.4815606689453, 117.4255471801758, 114.66561096191404, 116.13282196044922, 112.64012756347657, 108.63935760498038, 108.81596801757807, 105.49077453613275, 102.91494628906248, 101.53436431884761, 101.45909423828121, 103.22228851318359, 99.86164703369145, 97.91631164550779, 98.06711151123046, 98.24223968505851, 95.22589233398438, 94.75218749999998, 90.9434585571289, 92.23739471435549, 97.47382965087888, 94.5469122314453, 90.36484802246092, 90.71858032226562, 91.62769165039056, 85.85974670410155, 87.16740783691407, 84.62740661621093, 82.95209197998038, 80.98677062988276, 77.7785186767578],