{"SnapshotNumber": 127, "radii": [5.0, 15.0, 25.0, 35.0, 45.0, 55.0, 65.0, 75.0, 85.0, 95.0, 105.0, 115.0, 125.0, 135.0, 145.0, 155.0, 165.0, 175.0, 185.0, 195.0, 205.0, 215.0, 225.0, 235.0, 245.0, 255.0, 265.0, 275.0, 285.0, 295.0, 305.0, 315.0, 325.0, 335.0, 345.0, 355.0, 365.0, 375.0, 385.0, 395.0, 405.0, 415.0, 425.0, 435.0, 445.0, 455.0, 465.0, 475.0, 485.0, 495.0, 505.0, 515.0, 525.0, 535.0, 545.0, 555.0, 565.0, 575.0, 585.0, 595.0, 605.0, 615.0, 625.0, 635.0, 645.0, 655.0, 665.0, 675.0, 685.0, 695.0, 705.0, 715.0, 725.0, 735.0, 745.0, 755.0, 765.0, 775.0, 785.0, 795.0, 805.0, 815.0, 825.0, 835.0, 845.0, 855.0, 865.0, 875.0, 885.0, 895.0, 905.0, 915.0, 925.0, 935.0, 945.0, 955.0, 965.0, 975.0, 985.0, 995.0], "rho_p16": [259387.890625, 34035.55125, 14915.7626171875, 6514.89748046875, 3659.9144921875, 2329.66296875, 1766.2884130859375, 1472.6062255859376, 1489.0634033203125, 1448.479248046875, 1225.8958935546875, 1132.44970703125, 1075.310556640625, 1000.8156665039063, 938.4754614257813, 821.8111865234375, 715.88765625, 657.4267065429688, 573.8981982421875, 523.2089501953125, 463.39680908203127, 423.97962646484376, 391.06123413085936, 360.8626770019531, 335.6873291015625, 313.2082019042969, 289.06502197265627, 268.6345495605469, 254.79107360839845, 236.01009033203124, 229.49920349121095, 219.29546203613282, 212.6475390625, 196.8094952392578, 193.16675720214843, 180.97510620117188, 170.43238037109376, 162.4209539794922, 155.6110412597656, 148.143505859375, 138.7622833251953, 135.29842163085937, 126.88796752929687, 119.20383697509766, 115.54696380615235, 107.97404083251953, 100.78820495605468, 94.22785675048829, 87.18708953857421, 80.05992279052734, 76.58580169677734, 72.17939239501953, 63.87540679931641, 56.842684478759764, 54.13233184814453, 47.48469879150391, 45.96933349609375, 42.967727966308594, 39.740037231445314, 37.58054168701172, 35.48163177490235, 33.5658576965332, 32.18027923583984, 29.26703651428223, 25.420890502929687, 26.04403907775879, 22.628546447753905, 22.139570236206055, 18.32312042236328, 18.23716163635254, 16.905466690063477, 16.475910415649412, 15.87094409942627, 15.758425979614257, 14.388618392944336, 14.343123588562012, 13.804963417053221, 13.068209228515625, 13.069332847595215, 12.20105266571045, 11.740092124938965, 11.419100379943847, 11.086927223205567, 10.91275691986084, 10.254051208496094, 10.035260200500488, 9.58703598022461, 9.781688995361328, 9.086158943176269, 8.940937194824219, 8.754303092956542, 8.444384078979493, 8.344386444091796, 8.268917808532715, 8.052150421142578, 7.874014854431152, 7.653873805999756, 7.51007308959961, 7.447799968719482, 7.243088417053222], "rho_med": [1066288.875, 126524.15625, 58865.0625, 16661.3271484375, 7820.24609375, 4899.69677734375, 3567.1346435546875, 2923.1319580078125, 2658.3975830078125, 2332.3548583984375, 2058.7158203125, 1829.2979736328125, 1694.0629272460938, 1589.3245849609375, 1431.2255859375, 1271.633056640625, 1134.487060546875, 1032.326904296875, 917.99951171875, 827.3961791992188, 758.7456665039062, 704.4074096679688, 644.6409912109375, 604.0770263671875, 562.6752319335938, 518.2200012207031, 485.67364501953125, 451.1468505859375, 425.0411834716797, 407.152587890625, 377.23374938964844, 361.4867858886719, 345.82244873046875, 329.7054138183594, 317.3594970703125, 299.11387634277344, 292.0834655761719, 272.0586395263672, 258.10308837890625, 247.63021850585938, 233.75357055664062, 222.3518524169922, 208.78008270263672, 201.57843017578125, 190.04762268066406, 182.10945892333984, 171.53084564208984, 164.26376342773438, 153.85202026367188, 146.65370178222656, 138.8705291748047, 132.58837890625, 126.23865509033203, 115.5665054321289, 110.27709197998047, 102.92263793945312, 97.3153305053711, 92.7828598022461, 85.96481323242188, 83.60677337646484, 77.61442565917969, 73.98792266845703, 70.9134292602539, 68.07151794433594, 61.798173904418945, 61.00386428833008, 56.81343460083008, 56.07354545593262, 52.01393508911133, 51.027976989746094, 48.46620178222656, 46.380516052246094, 43.57023239135742, 43.639705657958984, 40.14895248413086, 38.15354919433594, 37.97080421447754, 36.141727447509766, 35.414005279541016, 33.27463912963867, 34.12283706665039, 32.17659950256348, 30.66592025756836, 30.935486793518066, 29.309021949768066, 28.548799514770508, 27.485992431640625, 26.189682006835938, 24.91450309753418, 24.75496482849121, 24.458338737487793, 22.82468032836914, 23.245781898498535, 22.178095817565918, 22.110379219055176, 22.957448959350586, 21.34045696258545, 21.39008331298828, 19.087843894958496, 20.10892963409424], "rho_p84": [6176208.5, 2130735.999999999, 321008.10374999983, 81603.39624999999, 25920.621796874995, 11865.046523437495, 7480.597910156248, 5817.370996093749, 4998.88123046875, 4272.3095703125, 3446.9118847656255, 2885.7590917968746, 2614.2772167968737, 2396.5229980468753, 2095.5965722656247, 1880.884150390625, 1716.0393457031248, 1590.4337451171875, 1457.6042138671876, 1330.320400390625, 1240.7416943359376, 1110.65251953125, 1023.656010742187, 958.2174560546874, 884.0718139648438, 838.1851953125, 785.0442260742188, 741.46703125, 677.2968310546875, 642.2044799804688, 610.3392333984375, 585.6618920898437, 553.45431640625, 525.0294555664062, 504.9062683105468, 492.84090087890627, 464.0387353515625, 443.78825439453107, 402.6247216796875, 387.2242333984375, 369.29500366210937, 349.53474365234376, 340.7861682128906, 333.0634436035156, 313.7476550292967, 302.1454614257812, 285.82135620117185, 281.551220703125, 269.0534362792969, 264.9417236328124, 257.4316064453125, 249.9099200439453, 240.33587036132815, 233.36432800292957, 222.9417004394531, 216.2655645751953, 204.04236999511718, 198.93843688964827, 196.74601867675767, 185.81486755371094, 180.64531860351542, 173.186943359375, 165.19521057128904, 159.17320312499984, 151.08133422851563, 142.70976318359374, 137.63553039550783, 134.0728515625, 126.17507598876954, 118.9007629394531, 115.79219299316405, 115.40283935546874, 116.22416015625001, 112.78778533935537, 110.07316101074218, 108.48011932373046, 106.73108184814454, 103.93602966308593, 103.87256744384766, 103.96826171875, 97.5909069824219, 101.87143249511718, 99.4122900390625, 101.38493591308597, 98.31880950927734, 97.01713562011719, 94.56717895507813, 90.35813201904298, 89.91489379882809, 95.55754150390624, 93.96315612792968, 89.16905242919921, 88.66886291503907, 88.61701141357422, 88.79376739501951, 87.93517303466797, 85.22699279785154, 80.1185363769531, 81.17294799804682, 78.4309878540038],