{"SnapshotNumber": 127, "radii": [5.0, 15.0, 25.0, 35.0, 45.0, 55.0, 65.0, 75.0, 85.0, 95.0, 105.0, 115.0, 125.0, 135.0, 145.0, 155.0, 165.0, 175.0, 185.0, 195.0, 205.0, 215.0, 225.0, 235.0, 245.0, 255.0, 265.0, 275.0, 285.0, 295.0, 305.0, 315.0, 325.0, 335.0, 345.0, 355.0, 365.0, 375.0, 385.0, 395.0, 405.0, 415.0, 425.0, 435.0, 445.0, 455.0, 465.0, 475.0, 485.0, 495.0, 505.0, 515.0, 525.0, 535.0, 545.0, 555.0, 565.0, 575.0, 585.0, 595.0, 605.0, 615.0, 625.0, 635.0, 645.0, 655.0, 665.0, 675.0, 685.0, 695.0, 705.0, 715.0, 725.0, 735.0, 745.0, 755.0, 765.0, 775.0, 785.0, 795.0, 805.0, 815.0, 825.0, 835.0, 845.0, 855.0, 865.0, 875.0, 885.0, 895.0, 905.0, 915.0, 925.0, 935.0, 945.0, 955.0, 965.0, 975.0, 985.0, 995.0], "rho_p16": [280132.20375, 38473.660625, 15274.865429687501, 8588.366250000001, 5198.47041015625, 3149.485859375, 2062.53291015625, 1634.6991552734376, 1288.2915283203124, 1045.4968701171877, 860.363701171875, 766.1118188476563, 710.4697241210938, 628.3080444335938, 544.34873046875, 479.356044921875, 436.99750366210935, 397.44895141601563, 359.1108544921875, 311.7786315917969, 289.433642578125, 257.6288720703125, 232.37005615234375, 205.27505798339843, 187.15154418945312, 174.68528747558594, 156.38249816894532, 154.17579528808594, 149.13866271972657, 132.68675415039064, 125.45354461669922, 113.51429290771485, 112.76234680175781, 107.55282989501954, 106.63559020996094, 88.09717773437501, 84.89658508300782, 73.9699252319336, 70.23028045654297, 70.20759735107423, 63.248538970947266, 60.09926971435547, 55.83505081176758, 55.011080780029296, 44.81550170898438, 44.00585159301758, 39.42815399169922, 37.268466033935546, 35.44610336303711, 33.05679092407227, 30.9266716003418, 29.646860733032227, 28.553595657348634, 27.801205139160157, 25.85280403137207, 24.815612030029296, 23.859581222534178, 23.020567932128905, 22.070815200805665, 21.15821189880371, 20.462429122924807, 19.966228713989256, 19.24350456237793, 18.920360946655272, 18.592600631713868, 18.42849464416504, 17.511259994506837, 17.25703582763672, 16.749913024902344, 16.161966247558595, 15.909082374572753, 14.618975143432618, 14.815312576293945, 14.237090873718262, 13.540494995117188, 13.334617500305177, 13.013614807128906, 12.790076446533202, 12.304286193847656, 12.257986335754394, 11.773597526550294, 11.320712432861328, 11.225619354248046, 10.900052947998047, 10.836028518676757, 10.34550750732422, 10.027375602722168, 9.877585563659668, 9.406622695922852, 9.431695022583009, 8.911485023498535, 8.74303424835205, 8.591285514831544, 8.306567192077637, 8.06884563446045, 7.931990642547607, 7.7032935905456545, 7.685054607391358, 7.538104400634766, 7.2003200721740725], "rho_med": [967363.9375, 155201.046875, 64988.57421875, 28457.6708984375, 16675.2138671875, 7932.893798828125, 4834.698974609375, 3539.7431640625, 2652.57080078125, 2107.72021484375, 1680.8060302734375, 1451.1995849609375, 1247.7313232421875, 1077.91357421875, 956.1265869140625, 833.4584350585938, 750.4882507324219, 691.9647827148438, 616.0050048828125, 548.7171020507812, 497.0161590576172, 443.7551574707031, 400.2259216308594, 364.30682373046875, 327.81109619140625, 306.5849914550781, 289.6484832763672, 269.0718688964844, 262.06805419921875, 241.62477111816406, 226.91273498535156, 216.71046447753906, 210.21974182128906, 195.76950073242188, 190.70829010009766, 176.09638214111328, 164.20191192626953, 155.7831268310547, 150.57781219482422, 144.69605255126953, 137.40036010742188, 132.51665496826172, 125.91378784179688, 117.94216918945312, 114.75245666503906, 108.27671813964844, 101.21038818359375, 98.04381942749023, 93.7120132446289, 88.3731689453125, 83.01266479492188, 79.349365234375, 75.45368194580078, 73.98456573486328, 68.75731658935547, 67.4651870727539, 64.45008850097656, 63.063541412353516, 60.0688419342041, 58.030961990356445, 55.675716400146484, 54.786827087402344, 54.139015197753906, 52.71207809448242, 51.877864837646484, 51.60845375061035, 50.115867614746094, 48.649757385253906, 48.6644229888916, 46.006072998046875, 44.83757019042969, 42.323463439941406, 42.10572052001953, 39.343441009521484, 38.141998291015625, 39.310691833496094, 36.05222702026367, 35.066139221191406, 34.0915412902832, 34.75022506713867, 32.327186584472656, 32.489540100097656, 31.774038314819336, 31.857096672058105, 31.068286895751953, 28.46513080596924, 28.360130310058594, 27.790786743164062, 25.797225952148438, 25.607696533203125, 24.016481399536133, 23.58296775817871, 22.939290046691895, 22.131876945495605, 21.579498291015625, 21.074217796325684, 20.89600372314453, 20.37748622894287, 19.41116714477539, 19.003230094909668], "rho_p84": [6176002.9799999995, 1108239.89, 411146.8999999999, 116413.01125000001, 55471.593749999985, 26522.490234374996, 16109.946328125, 10165.6588671875, 6801.478808593747, 5082.727695312499, 3424.979833984374, 2918.0709863281245, 2367.947773437499, 1963.1097412109375, 1672.6223632812498, 1477.8614062499998, 1291.0805419921867, 1191.5472949218745, 1027.7583154296874, 919.9799975585937, 815.38810546875, 740.7846069335936, 659.8190795898435, 601.0712402343751, 548.578625488281, 506.76654052734375, 476.39614868164057, 454.41600341796845, 436.75114501953124, 414.7238720703125, 394.15620117187495, 383.86933959960936, 373.30525512695306, 360.17102294921875, 349.16911743164064, 335.77102539062486, 314.8510095214844, 302.0640246582031, 302.25421264648435, 300.36821289062505, 283.79097290039067, 275.76294799804685, 271.30715087890627, 264.76776611328125, 260.8888305664063, 260.4520703125, 249.371240234375, 247.5301171875, 245.62435180664065, 235.92899047851554, 250.4089050292969, 242.8321948242185, 247.97204650878905, 242.73743469238286, 233.54622619628907, 233.19716796874997, 238.01078186035127, 232.93345764160173, 235.42165649414065, 221.7989434814452, 227.48753234863298, 231.89351928710926, 222.9055432128904, 219.1171624755858, 230.17741699218735, 229.85603637695297, 219.0241510009765, 214.15604248046864, 219.50463073730458, 221.17083801269524, 215.7080358886717, 195.7049578857421, 201.91810607910148, 188.19876098632804, 189.29510437011731, 189.77637084960912, 175.40894592285147, 173.32929687499993, 161.66740112304686, 159.50376281738292, 148.54909729003901, 145.911875, 139.4003204345702, 139.8502288818358, 134.62383300781238, 129.5927294921875, 122.37874511718748, 117.02077941894537, 113.7489685058593, 110.51860260009761, 104.62566345214844, 103.32809753417969, 97.67722930908204, 93.6400454711914, 87.54541015624994, 90.19718170166016, 91.56250091552734, 83.91926727294921, 81.24316009521488, 81.91519042968736],