{"SnapshotNumber": 127, "radii": [5.0, 15.0, 25.0, 35.0, 45.0, 55.0, 65.0, 75.0, 85.0, 95.0, 105.0, 115.0, 125.0, 135.0, 145.0, 155.0, 165.0, 175.0, 185.0, 195.0, 205.0, 215.0, 225.0, 235.0, 245.0, 255.0, 265.0, 275.0, 285.0, 295.0, 305.0, 315.0, 325.0, 335.0, 345.0, 355.0, 365.0, 375.0, 385.0, 395.0, 405.0, 415.0, 425.0, 435.0, 445.0, 455.0, 465.0, 475.0, 485.0, 495.0, 505.0, 515.0, 525.0, 535.0, 545.0, 555.0, 565.0, 575.0, 585.0, 595.0, 605.0, 615.0, 625.0, 635.0, 645.0, 655.0, 665.0, 675.0, 685.0, 695.0, 705.0, 715.0, 725.0, 735.0, 745.0, 755.0, 765.0, 775.0, 785.0, 795.0, 805.0, 815.0, 825.0, 835.0, 845.0, 855.0, 865.0, 875.0, 885.0, 895.0, 905.0, 915.0, 925.0, 935.0, 945.0, 955.0, 965.0, 975.0, 985.0, 995.0], "rho_p16": [286125.38875, 40857.233125000006, 15214.9267578125, 8402.901875, 5133.1765234375, 3226.59775390625, 2038.2488037109376, 1564.8349755859376, 1315.0248583984376, 1022.7804638671874, 902.8199194335938, 807.1551831054688, 696.156484375, 613.25603515625, 548.8068432617188, 491.32548583984374, 441.36867553710937, 398.86102661132816, 349.8344360351563, 318.579970703125, 284.7519189453125, 255.83979492187504, 225.00893859863282, 204.10544921875, 184.15692260742188, 167.85178955078126, 162.87815856933594, 150.46463623046876, 147.66037292480468, 133.8258026123047, 128.88410583496093, 118.30360717773438, 112.88663177490236, 107.68004974365235, 102.8195590209961, 90.80664672851562, 86.43639770507812, 80.41086883544921, 71.73589782714843, 70.44350830078125, 64.70719696044922, 58.23171844482422, 55.77975234985353, 48.83547180175781, 46.73054977416992, 42.170278015136724, 39.547353515625, 37.582676086425785, 34.573079681396486, 33.26550735473633, 30.737847747802736, 29.713160552978515, 28.68936996459961, 27.32112350463867, 26.236778106689453, 24.705775756835937, 23.98928321838379, 23.215421295166017, 22.057848434448243, 21.783180236816406, 20.806012268066407, 20.1823974609375, 19.691680908203125, 19.48572967529297, 19.084912338256835, 18.200769805908205, 17.732336959838868, 17.197244338989258, 16.721022338867186, 16.24184799194336, 16.143366165161133, 15.096534080505371, 14.75349365234375, 14.260182495117188, 13.385299491882323, 13.58170166015625, 12.953459014892578, 12.892373809814453, 12.530017166137695, 12.23947235107422, 11.51344699859619, 11.636304969787599, 11.300328941345215, 10.89671516418457, 10.706624031066895, 10.546799278259277, 10.262781143188477, 9.92527660369873, 9.567304153442382, 9.113310432434082, 8.825952529907227, 8.684389839172363, 8.441861724853515, 8.213905525207519, 7.937712860107422, 8.153157081604004, 7.704901084899903, 7.612383422851562, 7.388798999786377, 7.079855289459228], "rho_med": [949273.0625, 158801.015625, 64379.568359375, 28510.435546875, 15779.4482421875, 8036.2412109375, 4839.94873046875, 3516.02587890625, 2642.4969482421875, 2107.13671875, 1661.3091430664062, 1416.765869140625, 1228.764404296875, 1072.236083984375, 951.080322265625, 837.2643432617188, 749.4893493652344, 685.5909423828125, 618.2266235351562, 548.9242553710938, 497.14154052734375, 443.9781799316406, 402.3350830078125, 367.4684295654297, 332.412353515625, 303.6900939941406, 288.32884216308594, 269.7510681152344, 261.3642578125, 238.59242248535156, 228.89224243164062, 216.6736297607422, 207.48370361328125, 197.6134490966797, 188.5103530883789, 174.42820739746094, 163.300048828125, 154.26812744140625, 151.860595703125, 143.90587615966797, 136.4762420654297, 131.65150451660156, 123.8436508178711, 115.66228485107422, 114.20322799682617, 108.82671356201172, 103.13117980957031, 97.37286758422852, 91.61121368408203, 89.3250617980957, 83.07363510131836, 79.02664184570312, 76.38641738891602, 72.7519645690918, 68.80638885498047, 67.10871887207031, 64.1017837524414, 61.2756404876709, 60.54235076904297, 58.32137680053711, 56.60264205932617, 54.99856185913086, 53.993690490722656, 53.887489318847656, 52.123966217041016, 51.56909942626953, 50.73649597167969, 50.668487548828125, 47.553550720214844, 45.93000793457031, 44.617862701416016, 44.49559020996094, 41.97591018676758, 40.503034591674805, 38.27641296386719, 37.83688735961914, 37.14665222167969, 35.744659423828125, 35.09598159790039, 34.258399963378906, 32.869361877441406, 32.67157745361328, 31.412015914916992, 30.80726432800293, 31.26226806640625, 28.39845848083496, 28.166004180908203, 28.184772491455078, 25.47251319885254, 24.79934310913086, 24.657194137573242, 23.28183937072754, 22.085482597351074, 22.905078887939453, 21.1756010055542, 21.11842155456543, 20.757917404174805, 20.314135551452637, 19.922972679138184, 18.538684844970703], "rho_p84": [6074219.5, 1125579.9199999985, 405772.8125, 113191.04156250002, 54079.533749999995, 26232.78125, 16161.612499999997, 10097.989999999996, 6643.389843750001, 5041.236874999999, 3529.510146484375, 2921.07380859375, 2391.1939550781244, 1951.8830273437497, 1707.2139990234382, 1461.9587207031252, 1300.5590380859373, 1181.529697265625, 1040.7538574218747, 920.3755468749999, 811.5678369140624, 736.3935424804687, 652.5963256835936, 615.9999633789062, 552.1368896484375, 513.7279516601562, 475.1232104492187, 453.9892089843746, 437.2872534179687, 408.74496093749985, 393.1438354492187, 385.19317016601565, 373.66088867187494, 349.847823486328, 351.55291259765625, 329.2069348144531, 319.6374633789062, 301.1620507812501, 310.102509765625, 300.24928955078127, 287.72910766601564, 278.6667919921875, 270.8137145996094, 262.13288208007805, 263.0736926269532, 261.0788903808594, 252.6268975830078, 250.68435852050752, 246.3534875488281, 243.78861938476564, 246.50543884277332, 246.47166564941386, 242.72595275878908, 241.86380798339846, 232.49813537597643, 233.53126525878906, 224.89865600585938, 230.80343322753905, 233.54721618652326, 238.36090698242177, 234.30026855468748, 232.21984130859352, 232.33420104980453, 223.19996337890626, 228.81962036132808, 227.80086669921874, 222.45249877929692, 216.50738830566402, 216.19441040038993, 225.53588562011694, 212.33038208007804, 205.03819152832006, 201.64316528320307, 195.0414190673828, 188.99461059570314, 188.89037719726528, 181.65537048339837, 175.21836486816426, 168.32658630371085, 160.74823913574218, 146.59653747558593, 147.38524230957023, 137.23066772460933, 136.86256408691406, 128.48271484374985, 128.38645019531253, 123.19625091552734, 114.43933349609372, 112.72135742187503, 107.97718383789058, 101.67970428466795, 97.36234375, 97.66611297607422, 91.62978668212877, 87.02043670654295, 88.6335284423828, 86.8983267211914, 83.31066467285153, 82.25134887695312, 81.68032257080074],