{"SnapshotNumbers": [50, 51, 52, 53, 54, 55, 56, 57, 58, 59, 60, 61, 62, 63, 64, 65, 66, 67, 68, 69, 70, 71, 72, 73, 74, 75, 76, 77, 78, 79, 80, 81, 82, 83, 84, 85, 86, 87, 88, 89, 90, 91, 92, 93, 94, 95, 96, 97, 98, 99, 100, 101, 102, 103, 104, 105, 106, 107, 108, 109, 110, 111, 112, 113, 114, 115, 116, 117], "SnapshotTimes": [1.6600143869141086, 1.7870610578518569, 1.910374663189027, 2.0566279658005517, 2.1979545826256524, 2.3495344837482337, 2.4942982026932317, 2.648679024181495, 2.7919964070004784, 2.9444522970841254, 3.103679461620113, 3.2503461041698882, 3.4035482502094134, 3.5395210614408477, 3.706074245251531, 3.852039404050016, 4.005330648859183, 4.1380238212264, 4.302863700119068, 4.444078540437954, 4.618010469172704, 4.767519355776625, 4.921821313360232, 5.048501545881991, 5.210902319443069, 5.378187481427072, 5.516742183317032, 5.657151746908872, 5.835657267816712, 5.984925889355137, 6.1314743443417274, 6.288280009550495, 6.441930961431011, 6.60150134785066, 6.767286363666197, 6.891938257577819, 7.058261067482293, 7.230838364822614, 7.363097920077097, 7.541245459552444, 7.6760992541526205, 7.859537305692069, 7.996553509894531, 8.184930564043999, 8.33063774295648, 8.473061122257839, 8.619165545014738, 8.822454757224136, 8.977680498782219, 9.128933347146274, 9.28399281865738, 9.442976215473088, 9.597321544370372, 9.755404100736131, 9.91733399954639, 10.083224987834548, 10.253194588767297, 10.417575859721632, 10.585809115748921, 10.758003408639935, 10.87158675338913, 11.050552250154956, 11.222886201331546, 11.399102192939777, 11.579305643595353, 11.69400588091851, 11.880922573432047, 12.060042487650401], "SnapshotMeanDelay": [1.7841634705008087, 1.7884117022424673, 1.751476340291239, 1.8370501114141138, 1.8926679392700245, 1.6417652931977207, 1.7231454478942236, 1.8524183825898228, 1.811785321979879, 2.129953035247331, 2.28628107390574, 1.9430485864513207, 1.9312678557522946, 2.1167628041800546, 1.9353429886590403, 2.1822188947836456, 2.3726342841248123, 2.3401187208738534, 2.7480153835510617, 2.7574138156948105, 3.07352826766055, 3.472997889698781, 2.9737140721476214, 3.1896304854622857, 4.038791121788146, 2.8346565495864473, 1.8347612780515616, 1.9743287523498576, 4.003627435278234, 3.1136035955882826, 3.0083218729479495, 3.381419103975341, 3.5622431676391786, 3.5560257364326398, 3.489450463510658, 3.290079393039427, 4.138042690227427, 4.143248312635701, 4.164764267079305, 3.811662498210153, 3.8443953448969896, 4.1289922731370226, 3.715068184514302, 3.4676236694360183, 3.4436856671819336, 3.1606409929188897, 3.0184740984313647, 2.9684405478014044, 3.1066186343146174, 3.0888269498583787, 3.1534659502399816, 2.9036701945663754, 2.6594198049073894, 2.800905835162803, 2.7391229487649316, 2.676514729125537, 2.5118130894638964, 2.542899346194585, 2.6242308513445236, 2.3467259454523903, 2.3141515902456327, 2.1679161566637815, 2.0388449425600186, 1.89298041502151, 1.6349061734431845, 1.5416724491063662, 1.60199958473756, 1.6383943966816137]}