{"SnapshotNumber": 127, "radii": [5.0, 15.0, 25.0, 35.0, 45.0, 55.0, 65.0, 75.0, 85.0, 95.0, 105.0, 115.0, 125.0, 135.0, 145.0, 155.0, 165.0, 175.0, 185.0, 195.0, 205.0, 215.0, 225.0, 235.0, 245.0, 255.0, 265.0, 275.0, 285.0, 295.0, 305.0, 315.0, 325.0, 335.0, 345.0, 355.0, 365.0, 375.0, 385.0, 395.0, 405.0, 415.0, 425.0, 435.0, 445.0, 455.0, 465.0, 475.0, 485.0, 495.0, 505.0, 515.0, 525.0, 535.0, 545.0, 555.0, 565.0, 575.0, 585.0, 595.0, 605.0, 615.0, 625.0, 635.0, 645.0, 655.0, 665.0, 675.0, 685.0, 695.0, 705.0, 715.0, 725.0, 735.0, 745.0, 755.0, 765.0, 775.0, 785.0, 795.0, 805.0, 815.0, 825.0, 835.0, 845.0, 855.0, 865.0, 875.0, 885.0, 895.0, 905.0, 915.0, 925.0, 935.0, 945.0, 955.0, 965.0, 975.0, 985.0, 995.0], "rho_p16": [275621.60625, 38954.36546875, 13323.6252734375, 5336.316328125, 3064.2171875, 2027.297265625, 1530.3140869140625, 1201.8945556640626, 983.6379516601563, 818.5901855468751, 684.8241870117188, 639.3570434570313, 595.1618920898437, 550.2359741210937, 543.351494140625, 514.7847534179688, 474.6448181152344, 436.3272436523437, 385.7441076660156, 336.5717468261719, 313.12074462890627, 270.3483618164062, 244.5879638671875, 210.64745666503907, 186.21854736328123, 173.5425671386719, 157.6603515625, 144.36393920898436, 132.94400817871093, 130.34932922363282, 113.05719482421874, 107.7135287475586, 99.46605102539063, 81.45194488525391, 74.63847381591798, 67.5409164428711, 62.8377114868164, 56.79401596069336, 55.55274353027344, 50.595459136962894, 47.78169403076172, 44.88371627807617, 42.99986114501953, 39.98788757324219, 38.36413803100586, 36.08078308105469, 34.31723510742187, 32.42959838867188, 31.140852584838868, 29.2391593170166, 28.543067779541015, 27.66252288818359, 25.970900955200197, 25.317418212890626, 23.42558059692383, 22.7889688873291, 22.02482620239258, 21.025783004760743, 20.358202438354493, 19.629895782470705, 18.653172378540038, 17.963942260742186, 17.258038101196288, 16.811863708496094, 16.160030059814453, 15.803741035461426, 15.226485862731934, 14.724230918884277, 14.309934692382813, 13.882517318725586, 13.685041809082032, 13.252835235595704, 12.770673713684081, 12.731094207763672, 12.247766494750977, 11.694840621948241, 11.608277015686035, 11.250948905944824, 10.964333000183105, 10.626673126220703, 10.497812118530273, 10.333516311645507, 10.090689659118652, 9.598638534545898, 9.596536140441895, 9.5170068359375, 9.210540199279786, 8.74312557220459, 8.697816886901855, 8.605938529968261, 8.3129976272583, 8.150893745422364, 8.088808746337891, 7.879533977508545, 7.73904863357544, 7.6328018760681156, 7.438634052276611, 7.336931400299072, 7.10038911819458, 7.129305629730225], "rho_med": [895875.15625, 157449.890625, 38493.578125, 13163.8037109375, 6639.961669921875, 4258.76708984375, 3136.047119140625, 2432.4317626953125, 2032.0704956054688, 1635.2887573242188, 1431.1409912109375, 1242.963134765625, 1139.8561401367188, 1031.2987060546875, 955.3896179199219, 872.2806396484375, 800.1107788085938, 740.7200317382812, 671.8651428222656, 593.7423706054688, 549.0687866210938, 476.0709686279297, 414.4888610839844, 378.5241394042969, 345.60484313964844, 320.538330078125, 291.3761749267578, 266.89593505859375, 245.49561309814453, 233.73426055908203, 214.04662322998047, 202.57434844970703, 186.9823760986328, 172.2423858642578, 161.68988800048828, 146.47428131103516, 133.16207885742188, 124.40121459960938, 115.66790771484375, 110.16380310058594, 103.69857025146484, 98.60955047607422, 94.29270935058594, 88.32160949707031, 83.84929275512695, 76.94441986083984, 74.111083984375, 70.53988265991211, 67.47504425048828, 64.03702926635742, 61.3708610534668, 58.373008728027344, 54.868194580078125, 53.80029296875, 50.22364616394043, 49.24276351928711, 46.98359680175781, 44.817718505859375, 43.52214241027832, 42.014137268066406, 41.01067352294922, 38.96528625488281, 37.03680229187012, 37.338409423828125, 35.053001403808594, 35.60929870605469, 33.512420654296875, 33.060211181640625, 31.962421417236328, 31.374119758605957, 30.366188049316406, 30.69071674346924, 29.220728874206543, 31.29950523376465, 28.957122802734375, 28.656620025634766, 28.342665672302246, 26.808581352233887, 26.490307807922363, 27.017663955688477, 24.621057510375977, 24.80095672607422, 24.26950454711914, 22.922590255737305, 23.765377044677734, 24.236482620239258, 23.224578857421875, 22.362826347351074, 21.85174560546875, 22.17497444152832, 21.286624908447266, 21.85154151916504, 20.058171272277832, 21.228330612182617, 20.148279190063477, 18.184091567993164, 18.487637519836426, 18.713781356811523, 19.62081813812256, 18.334721565246582], "rho_p84": [5941724.380000003, 655556.6825, 131756.19687499997, 44288.22046875, 18400.194921874998, 10198.429687499995, 7260.274902343749, 5673.181347656247, 4352.715195312499, 3498.287744140624, 2894.9991601562483, 2284.037255859375, 2081.5702929687495, 1777.3191503906246, 1630.2704833984376, 1491.7540429687506, 1428.9620849609375, 1280.9826660156248, 1118.2534912109372, 1045.412270507812, 948.893642578125, 822.5863403320312, 706.2333227539062, 637.1192236328121, 585.9458056640625, 528.5299243164062, 473.52467651367186, 433.07215209960935, 394.76237426757814, 378.0921533203125, 352.96560791015617, 331.12978393554687, 309.31596679687493, 293.0580078125, 266.79900756835934, 248.52495422363276, 221.52917053222657, 212.08075561523438, 206.24210693359373, 195.9638751220703, 193.68318786621086, 184.55023376464842, 177.98067626953122, 170.6483215332031, 160.61231994628906, 155.04555175781252, 152.76846435546875, 145.26923095703125, 139.8574188232422, 132.0823498535156, 126.76320281982422, 122.9127700805664, 114.48500183105469, 116.57042724609376, 112.86954040527345, 108.46747131347657, 106.87201141357421, 106.13498291015634, 105.16309020996094, 102.2005709838867, 100.82581085205078, 98.79463470458984, 100.1628302001953, 99.99162872314453, 97.76367340087886, 98.48591186523437, 99.11278381347653, 101.04072845458984, 100.040979309082, 98.56530151367187, 101.35812866210937, 100.8208184814453, 104.89546630859375, 107.87741302490232, 105.98917388916016, 107.75713378906245, 113.39978271484375, 105.67710266113279, 103.80658905029297, 108.85637908935534, 99.55964935302734, 97.70498229980468, 99.92714385986328, 100.23635925292966, 103.74196746826173, 107.25187469482418, 106.43607940673829, 103.33700958251954, 100.0116464233398, 104.56777099609369, 93.34947753906249, 97.95601013183571, 93.76608154296878, 87.74440124511716, 82.59731475830078, 83.3915023803711, 76.34855926513669, 80.28287231445309, 77.82949096679687, 74.84493988037103],