{"SnapshotNumber": 127, "radii": [5.0, 15.0, 25.0, 35.0, 45.0, 55.0, 65.0, 75.0, 85.0, 95.0, 105.0, 115.0, 125.0, 135.0, 145.0, 155.0, 165.0, 175.0, 185.0, 195.0, 205.0, 215.0, 225.0, 235.0, 245.0, 255.0, 265.0, 275.0, 285.0, 295.0, 305.0, 315.0, 325.0, 335.0, 345.0, 355.0, 365.0, 375.0, 385.0, 395.0, 405.0, 415.0, 425.0, 435.0, 445.0, 455.0, 465.0, 475.0, 485.0, 495.0, 505.0, 515.0, 525.0, 535.0, 545.0, 555.0, 565.0, 575.0, 585.0, 595.0, 605.0, 615.0, 625.0, 635.0, 645.0, 655.0, 665.0, 675.0, 685.0, 695.0, 705.0, 715.0, 725.0, 735.0, 745.0, 755.0, 765.0, 775.0, 785.0, 795.0, 805.0, 815.0, 825.0, 835.0, 845.0, 855.0, 865.0, 875.0, 885.0, 895.0, 905.0, 915.0, 925.0, 935.0, 945.0, 955.0, 965.0, 975.0, 985.0, 995.0], "rho_p16": [266336.3575, 39076.957187500004, 13212.4581640625, 5396.9162890625, 3055.572470703125, 2030.599921875, 1534.3588916015626, 1196.4523974609374, 982.0639697265625, 803.6757080078125, 678.6325610351563, 620.8208203125, 592.15880859375, 572.5750146484374, 555.1099682617188, 503.9503369140625, 475.8646496582031, 434.51486816406253, 390.6424133300781, 344.3407556152344, 312.18041137695315, 271.4385986328125, 240.37066772460938, 215.71261169433595, 189.35799926757812, 171.6708026123047, 153.8209228515625, 149.369873046875, 133.42929626464843, 127.0133544921875, 107.91583068847656, 106.19319946289062, 98.43978546142579, 83.21190338134767, 74.77920196533204, 70.35644561767579, 62.54449234008789, 59.52492614746094, 55.59628356933594, 51.640733032226564, 48.23891082763672, 44.49320892333984, 43.6589208984375, 40.61084747314454, 38.6233512878418, 36.019214935302735, 34.581912994384766, 33.02873229980469, 31.434776153564453, 29.37895034790039, 28.36331855773926, 27.68485900878906, 26.283318405151366, 25.085357513427734, 23.531104965209963, 22.94370918273926, 21.87869064331055, 21.24889694213867, 20.212434158325195, 19.666354370117187, 18.778476104736328, 18.280111770629883, 17.723140716552734, 16.735700149536132, 16.480464248657228, 15.556238136291505, 15.21952808380127, 15.015022354125977, 14.286492958068848, 13.807986526489257, 13.496714324951173, 13.225421333312989, 12.95497673034668, 12.628789329528809, 12.330444145202637, 11.807146873474121, 11.5737646484375, 11.27656894683838, 10.935014877319336, 10.700777778625488, 10.456724166870117, 10.25669219970703, 10.099023323059082, 9.654750747680664, 9.52987232208252, 9.595808219909669, 9.183964195251464, 8.83164623260498, 8.783829689025879, 8.56636028289795, 8.290269584655762, 8.176584777832032, 8.136147499084473, 7.7794174957275395, 7.532595825195313, 7.509231147766114, 7.466679039001465, 7.279273548126221, 7.285401439666747, 7.0485178565979005], "rho_med": [904037.5625, 156337.6015625, 38708.6953125, 13178.8916015625, 6602.626953125, 4186.619384765625, 3181.0716552734375, 2445.1474609375, 1999.8544311523438, 1649.4869384765625, 1451.5225830078125, 1257.7864990234375, 1139.97802734375, 1006.3790283203125, 949.0457763671875, 868.159912109375, 805.00146484375, 740.6290588378906, 669.9336547851562, 604.4429931640625, 548.8967895507812, 478.7300262451172, 419.99517822265625, 383.2165832519531, 351.92059326171875, 322.3394470214844, 290.4682159423828, 267.91876220703125, 242.6710433959961, 236.2344512939453, 213.11993408203125, 200.55353546142578, 188.27790069580078, 174.64450073242188, 160.04421997070312, 143.60890197753906, 134.22357177734375, 122.71258163452148, 117.12882232666016, 108.24756622314453, 103.25384521484375, 96.7784652709961, 94.07020568847656, 89.92555236816406, 83.92850494384766, 78.11878967285156, 74.79219818115234, 70.66088104248047, 67.34947204589844, 62.89913558959961, 62.04686737060547, 57.712554931640625, 55.778377532958984, 54.35147285461426, 50.73685646057129, 48.98561096191406, 46.653961181640625, 46.17577362060547, 43.92044639587402, 41.947731018066406, 40.73688507080078, 39.453250885009766, 38.106788635253906, 36.95876693725586, 34.75433349609375, 34.330026626586914, 34.07463073730469, 33.32823181152344, 33.150184631347656, 31.31052017211914, 30.713571548461914, 30.47711181640625, 29.94159507751465, 29.78733539581299, 29.787748336791992, 28.291500091552734, 27.39271640777588, 27.060595512390137, 25.739534378051758, 26.70975971221924, 25.104244232177734, 24.523330688476562, 24.865589141845703, 24.301620483398438, 23.36309242248535, 25.151792526245117, 22.643165588378906, 22.55738639831543, 22.464433670043945, 22.186838150024414, 21.776988983154297, 22.49606704711914, 20.389312744140625, 20.411462783813477, 19.41232967376709, 18.78444480895996, 18.312108993530273, 18.630383491516113, 19.053987503051758, 18.715517044067383], "rho_p84": [6041229.179999997, 652361.3425000004, 128779.07062499998, 43862.82031249999, 18235.478437499998, 10504.370937500002, 7302.315546875, 5495.79984375, 4326.71123046875, 3455.206884765625, 2863.37396484375, 2332.2166015625, 2077.9706835937504, 1785.6917529296868, 1627.401015625, 1475.7835156249998, 1403.5047607421877, 1260.83435546875, 1122.3001708984373, 1027.0984130859374, 952.61876953125, 816.3403808593748, 691.3256274414063, 627.7917407226562, 576.2675097656249, 523.3056079101561, 477.09769042968753, 431.88855590820305, 403.76322509765623, 378.21522827148436, 355.5532604980469, 333.7402783203124, 316.4824426269531, 286.3846130371094, 268.57354736328125, 250.25929565429686, 227.9486175537109, 216.88421569824217, 206.23708251953124, 199.790224609375, 192.18782226562496, 184.00966247558594, 176.95393127441406, 172.78360900878909, 158.19055480957016, 155.7883172607422, 151.84678039550775, 142.303955078125, 139.04229492187494, 131.42941467285158, 126.4168634033203, 120.65694183349608, 115.80744659423824, 113.60558441162105, 109.96352020263672, 109.90347442626955, 105.75393737792966, 107.53414245605465, 104.36043731689453, 101.54165557861323, 99.20624908447265, 101.3342950439453, 99.80805206298828, 99.96102783203123, 97.5615591430664, 98.7325537109375, 98.43573608398437, 102.13003662109374, 98.08255523681635, 97.91987213134765, 101.65939544677734, 103.02921325683585, 101.65260437011713, 106.07120483398438, 108.79223571777344, 107.14303100585936, 112.57911193847656, 105.39160461425776, 105.90964660644534, 105.04036804199215, 101.4009780883789, 97.95517181396484, 103.33995056152344, 101.6486685180664, 100.51964416503905, 108.43544158935545, 104.30822662353515, 101.90027740478514, 104.28644561767578, 99.01376342773425, 98.62015411376952, 95.98091674804688, 95.19999999999999, 90.22310516357422, 84.07150085449217, 82.33771728515622, 77.97446868896486, 80.88082794189452, 81.18640747070312, 78.32543548583985],