{"SnapshotNumber": 127, "radii": [5.0, 15.0, 25.0, 35.0, 45.0, 55.0, 65.0, 75.0, 85.0, 95.0, 105.0, 115.0, 125.0, 135.0, 145.0, 155.0, 165.0, 175.0, 185.0, 195.0, 205.0, 215.0, 225.0, 235.0, 245.0, 255.0, 265.0, 275.0, 285.0, 295.0, 305.0, 315.0, 325.0, 335.0, 345.0, 355.0, 365.0, 375.0, 385.0, 395.0, 405.0, 415.0, 425.0, 435.0, 445.0, 455.0, 465.0, 475.0, 485.0, 495.0, 505.0, 515.0, 525.0, 535.0, 545.0, 555.0, 565.0, 575.0, 585.0, 595.0, 605.0, 615.0, 625.0, 635.0, 645.0, 655.0, 665.0, 675.0, 685.0, 695.0, 705.0, 715.0, 725.0, 735.0, 745.0, 755.0, 765.0, 775.0, 785.0, 795.0, 805.0, 815.0, 825.0, 835.0, 845.0, 855.0, 865.0, 875.0, 885.0, 895.0, 905.0, 915.0, 925.0, 935.0, 945.0, 955.0, 965.0, 975.0, 985.0, 995.0], "rho_p16": [33628.46375, 5575.03626953125, 3796.57240234375, 2629.0087988281252, 1926.9280419921874, 1492.2717822265624, 1210.016845703125, 932.3809155273437, 789.781630859375, 706.6595556640625, 667.9561206054688, 619.7132983398437, 595.2301391601562, 575.970419921875, 553.3579663085937, 534.9379809570313, 516.900322265625, 505.5831311035156, 503.9555236816406, 494.35309448242185, 500.3419714355469, 495.7154968261719, 484.073330078125, 475.99906982421874, 459.75328857421874, 450.6586486816406, 445.40987060546877, 429.9117431640625, 406.2399255371094, 364.23791015625, 330.63251953125, 309.762138671875, 292.6962951660156, 273.9980712890625, 258.6397326660156, 235.22725341796874, 214.59122131347655, 195.1625, 180.24417846679688, 166.24306640625, 156.90209106445312, 145.15771118164062, 138.81338500976562, 130.96956787109374, 124.4267919921875, 115.49068664550781, 106.49759521484376, 97.3827117919922, 90.01950653076172, 80.45196441650391, 73.81722534179687, 67.37494812011718, 63.49007720947266, 58.0156137084961, 53.738759765625005, 49.512027740478516, 45.718988037109376, 41.87961166381836, 38.09392501831055, 35.37124237060547, 33.66299850463867, 30.244536514282228, 28.663265533447266, 26.58054069519043, 25.151935348510744, 24.015289611816407, 23.12448684692383, 21.963858337402343, 21.155337677001953, 20.327332305908204, 19.338134384155275, 18.96706382751465, 18.118478240966798, 17.667607955932617, 16.49933494567871, 15.909704627990722, 15.418303489685059, 14.551778678894044, 14.25617141723633, 13.826387672424316, 13.329378700256347, 12.706739616394042, 12.206888198852539, 11.902185249328614, 11.242373847961426, 10.94734992980957, 10.565329856872559, 10.181276283264161, 9.663529777526856, 9.684885215759277, 9.268611526489257, 8.660868263244629, 8.217449378967284, 7.920666847229004, 7.4976027297973635, 7.247492141723633, 6.747496013641357, 6.422972049713135, 6.241243019104004, 5.888403549194336], "rho_med": [136969.796875, 12620.3037109375, 7147.595703125, 4745.20263671875, 3507.1405029296875, 2628.41064453125, 1926.3593139648438, 1435.7964477539062, 1156.0034790039062, 1006.0182495117188, 920.3173522949219, 832.0848083496094, 794.8459167480469, 763.6840209960938, 748.7760925292969, 730.5375671386719, 705.7831420898438, 679.7068481445312, 669.1640014648438, 662.381103515625, 654.5028991699219, 647.8153076171875, 631.6450805664062, 631.7916564941406, 629.2340698242188, 626.3908386230469, 609.3091735839844, 591.2652587890625, 584.9230651855469, 533.1864013671875, 483.3368225097656, 432.2230224609375, 398.5792236328125, 369.76361083984375, 347.08128356933594, 325.0221252441406, 301.9482879638672, 281.6616516113281, 264.32786560058594, 246.80084228515625, 232.07543182373047, 216.9299545288086, 205.27354431152344, 194.3471450805664, 185.07587432861328, 177.01260375976562, 169.85362243652344, 159.89734649658203, 151.32447052001953, 142.55252075195312, 132.6981430053711, 125.06034088134766, 117.22733306884766, 110.78839111328125, 104.54959487915039, 97.89732360839844, 91.46566009521484, 85.70025634765625, 80.45237731933594, 76.59891891479492, 71.4973030090332, 67.34322357177734, 62.84579277038574, 58.86858940124512, 55.82284736633301, 52.10183334350586, 48.51776313781738, 46.897714614868164, 44.37478828430176, 42.70892524719238, 41.1491584777832, 39.93884086608887, 38.06876564025879, 36.63606262207031, 34.86227607727051, 33.2679443359375, 32.42094612121582, 31.148313522338867, 30.07192325592041, 28.849818229675293, 28.804777145385742, 27.911243438720703, 27.42587184906006, 26.606386184692383, 25.743362426757812, 25.073007583618164, 24.231416702270508, 23.694462776184082, 22.931053161621094, 22.295076370239258, 21.62519073486328, 20.885509490966797, 20.05272674560547, 19.409433364868164, 18.894533157348633, 17.85556983947754, 17.181968688964844, 17.063420295715332, 16.737594604492188, 15.956462860107422], "rho_p84": [2260194.429999996, 149042.45375, 49646.87109374966, 103048.24250000002, 69678.92749999998, 40198.84124999999, 17162.647968749992, 4200.286738281249, 2078.335917968749, 1631.496953125, 1379.4520507812497, 1226.2186669921875, 1146.1842822265623, 1116.49978515625, 1046.871396484375, 1024.73953125, 1015.8599243164062, 977.1441137695313, 964.6452001953124, 965.0075634765625, 933.3846704101561, 919.0985302734374, 895.6578027343749, 881.7951562499999, 888.7869018554687, 893.2911840820312, 890.6206396484374, 889.8747534179687, 849.760439453125, 769.6447998046875, 712.9134497070312, 634.0750097656249, 572.4456054687497, 514.1300708007813, 487.1838537597656, 457.20300170898435, 435.41968139648435, 414.4073120117187, 396.37419799804684, 379.43031494140615, 363.08207885742183, 337.48056762695313, 327.8885827636718, 309.5296069335937, 293.97817871093747, 285.7360314941406, 280.0429748535156, 270.4062890625, 259.48115234375, 242.79273315429685, 235.0214013671875, 225.4416290283203, 215.04536010742189, 201.88267883300782, 190.4162854003906, 180.19944152832022, 168.87785034179677, 159.22791992187496, 156.03914428710937, 153.61481506347653, 148.70713684082023, 141.5483526611328, 136.5317102050781, 129.25364807128904, 123.69740295410155, 118.917666015625, 115.45931762695311, 110.92767150878905, 107.45895080566405, 105.30125, 103.60586853027344, 100.15765624999995, 97.04669769287109, 94.22268524169914, 90.8402716064453, 90.67970886230468, 89.84153137207029, 88.32610626220702, 87.22058929443358, 85.08425720214844, 84.03212585449216, 81.33730773925777, 80.24033966064452, 80.497004699707, 79.11638946533202, 77.24042053222655, 76.61670288085936, 77.43107574462888, 75.66163787841796, 73.95894165039061, 73.27997741699218, 72.61074218749995, 69.32367095947261, 67.30537506103515, 68.37046569824219, 66.06859588623048, 65.25414916992186, 64.85628204345703, 62.70727981567383, 61.390534973144526],