{"SnapshotNumber": 127, "radii": [5.0, 15.0, 25.0, 35.0, 45.0, 55.0, 65.0, 75.0, 85.0, 95.0, 105.0, 115.0, 125.0, 135.0, 145.0, 155.0, 165.0, 175.0, 185.0, 195.0, 205.0, 215.0, 225.0, 235.0, 245.0, 255.0, 265.0, 275.0, 285.0, 295.0, 305.0, 315.0, 325.0, 335.0, 345.0, 355.0, 365.0, 375.0, 385.0, 395.0, 405.0, 415.0, 425.0, 435.0, 445.0, 455.0, 465.0, 475.0, 485.0, 495.0, 505.0, 515.0, 525.0, 535.0, 545.0, 555.0, 565.0, 575.0, 585.0, 595.0, 605.0, 615.0, 625.0, 635.0, 645.0, 655.0, 665.0, 675.0, 685.0, 695.0, 705.0, 715.0, 725.0, 735.0, 745.0, 755.0, 765.0, 775.0, 785.0, 795.0, 805.0, 815.0, 825.0, 835.0, 845.0, 855.0, 865.0, 875.0, 885.0, 895.0, 905.0, 915.0, 925.0, 935.0, 945.0, 955.0, 965.0, 975.0, 985.0, 995.0], "rho_p16": [33639.74609375, 5537.3776171875, 3843.19130859375, 2593.9525390625, 1928.1080029296875, 1519.530498046875, 1206.67705078125, 930.8602026367188, 790.2629272460938, 695.2998022460938, 672.0090234375, 617.0642407226562, 599.1546118164063, 580.9452197265625, 557.3573461914062, 535.264013671875, 514.3643823242188, 505.4955725097656, 502.0183532714844, 495.3915368652344, 502.74904052734377, 494.561298828125, 484.93045532226563, 477.72308837890625, 462.5524597167969, 454.11589477539064, 446.3590356445313, 427.5285339355469, 410.0057360839844, 362.4710485839844, 331.2665637207031, 308.9045654296875, 290.2956811523438, 272.14014526367185, 256.4939221191406, 234.4674920654297, 216.2182989501953, 196.0554461669922, 181.83214233398436, 167.79794860839843, 156.38982299804687, 145.0955889892578, 138.51301208496093, 130.85776916503906, 125.18078125, 113.90055450439453, 106.68871185302734, 97.2061700439453, 89.92537414550782, 80.20088958740234, 74.34565032958984, 68.33819580078125, 62.73623977661133, 58.41787490844727, 53.83521347045898, 48.96635177612305, 46.17860275268555, 41.977333068847656, 38.762255859375, 35.61092895507812, 33.22068130493164, 29.85518409729004, 28.574567489624023, 26.502789306640626, 25.379833755493163, 24.346520462036132, 22.817002334594726, 22.088362350463868, 21.092991485595704, 20.32263496398926, 19.567747802734374, 18.570404052734375, 18.04085319519043, 17.663993148803712, 16.657544021606444, 15.929143753051758, 15.517642555236817, 14.601770210266114, 14.14852825164795, 13.644740867614747, 13.530584907531738, 12.626970977783204, 12.301699676513673, 11.807110939025879, 11.162777976989746, 10.778564109802247, 10.348680686950683, 10.120185623168945, 9.67139129638672, 9.312898063659668, 9.275126457214355, 8.619758415222169, 8.117819900512696, 7.969348011016846, 7.52916151046753, 7.238422908782959, 6.900587005615234, 6.310428104400635, 6.256884002685547, 5.999918079376221], "rho_med": [130816.234375, 12628.625, 7124.19677734375, 4812.74072265625, 3523.291259765625, 2646.808349609375, 1934.05029296875, 1421.1123657226562, 1153.4683837890625, 1001.4959106445312, 915.1649780273438, 837.5982666015625, 789.6390380859375, 767.3345947265625, 749.2788696289062, 731.4986572265625, 709.8250427246094, 678.4738159179688, 666.8101501464844, 662.125, 653.9835510253906, 649.1298828125, 636.2211303710938, 629.8069458007812, 626.8014526367188, 621.6423034667969, 607.6039123535156, 595.7958374023438, 578.4555053710938, 529.1326904296875, 481.9382629394531, 432.7243347167969, 400.16856384277344, 369.04107666015625, 346.9335021972656, 323.70606994628906, 303.70042419433594, 281.7933044433594, 264.29644775390625, 249.09915161132812, 231.40164947509766, 216.64353942871094, 204.90766143798828, 194.43912506103516, 184.53728485107422, 176.9320526123047, 168.03933715820312, 159.95570373535156, 151.98047637939453, 142.31436157226562, 132.54666900634766, 124.65907669067383, 118.24369049072266, 110.60753631591797, 104.18750762939453, 98.11795425415039, 90.9367446899414, 85.77981948852539, 80.35839080810547, 76.35730743408203, 71.57327270507812, 67.25397491455078, 62.7033748626709, 59.281009674072266, 55.83992385864258, 51.93967056274414, 49.3748893737793, 46.20378112792969, 44.02943801879883, 42.42412567138672, 40.89446449279785, 39.6095085144043, 37.991506576538086, 36.384782791137695, 35.13241386413574, 33.33263397216797, 32.32074737548828, 31.25986385345459, 30.062753677368164, 29.176015853881836, 28.96561336517334, 28.17259120941162, 27.295132637023926, 26.143685340881348, 25.611437797546387, 25.50875473022461, 24.603958129882812, 24.112677574157715, 22.557662963867188, 22.377756118774414, 21.90207862854004, 20.658676147460938, 20.35981273651123, 19.61310577392578, 18.904927253723145, 17.93511199951172, 17.339667320251465, 16.976250648498535, 16.846908569335938, 15.99656057357788], "rho_p84": [2188265.84, 139776.263125, 49231.59843749994, 101905.9234374995, 70302.13249999996, 40823.24453124999, 17620.157421874985, 4338.8992382812485, 2064.7553222656243, 1635.5963281249997, 1374.9396240234375, 1217.2775830078122, 1135.1241455078125, 1114.6598828125, 1057.1807568359375, 1028.5358642578124, 1009.3621899414062, 976.9146166992186, 960.4118334960938, 961.8903979492186, 937.9800561523436, 909.6468505859374, 894.4543481445312, 874.7509082031249, 878.3, 888.6604541015624, 886.7627539062499, 894.0581518554686, 845.8602685546875, 768.8482373046872, 712.4411499023437, 629.8240136718749, 577.4193579101562, 515.9106909179687, 483.35589355468744, 457.86304443359376, 434.7746655273437, 415.8247131347656, 398.60801513671873, 381.7715637207031, 358.8968310546875, 340.2344189453125, 328.68341064453125, 310.5315393066406, 294.2098327636719, 286.04030151367186, 278.22616821289057, 269.29485717773434, 253.13374084472647, 244.93497009277337, 233.60561401367173, 225.01559814453122, 213.32350891113276, 201.75235595703123, 188.34246215820312, 178.61814147949218, 170.38227478027343, 160.8805450439453, 156.66927490234372, 153.95438781738278, 146.86309082031246, 142.41452209472652, 135.50061828613278, 129.05302307128903, 123.76060302734375, 120.08231292724604, 115.63100799560543, 110.16113281249999, 107.14720367431636, 103.9152359008789, 103.71687530517576, 100.36066833496092, 96.50936706542969, 94.92034851074219, 92.11067199707028, 90.85742462158198, 89.9818356323242, 87.36241271972654, 86.8102194213867, 84.36108642578125, 85.23718872070307, 82.45110778808589, 81.2605352783203, 80.05283111572263, 79.05007232666011, 78.44691284179687, 77.30336608886716, 77.21913391113281, 74.80053253173828, 73.70604034423827, 72.91396942138671, 71.25501708984366, 69.5452374267578, 68.18563659667969, 69.14979736328127, 65.9646047973633, 65.17976409912109, 64.56034027099611, 63.177256011962875, 61.31883865356445],