{"SnapshotNumbers": [50, 51, 52, 53, 54, 55, 56, 57, 58, 59, 60, 61, 62, 63, 64, 65, 66, 67, 68, 69, 70, 71, 72, 73, 74, 75, 76, 77, 78, 79, 80, 81, 82, 83, 84, 85, 86, 87, 88, 89, 90, 91, 92, 93, 94, 95, 96, 97, 98, 99, 100, 101, 102, 103, 104, 105, 106, 107, 108, 109, 110, 111, 112, 113, 114, 115, 116, 117, 118, 119], "SnapshotTimes": [1.6600143869141086, 1.7870610578518569, 1.910374663189027, 2.0566279658005517, 2.1979545826256524, 2.3495344837482337, 2.4942982026932317, 2.648679024181495, 2.7919964070004784, 2.9444522970841254, 3.103679461620113, 3.2503461041698882, 3.4035482502094134, 3.5395210614408477, 3.706074245251531, 3.852039404050016, 4.005330648859183, 4.1380238212264, 4.302863700119068, 4.444078540437954, 4.618010469172704, 4.767519355776625, 4.921821313360232, 5.048501545881991, 5.210902319443069, 5.378187481427072, 5.516742183317032, 5.657151746908872, 5.835657267816712, 5.984925889355137, 6.1314743443417274, 6.288280009550495, 6.441930961431011, 6.60150134785066, 6.767286363666197, 6.891938257577819, 7.058261067482293, 7.230838364822614, 7.363097920077097, 7.541245459552444, 7.6760992541526205, 7.859537305692069, 7.996553509894531, 8.184930564043999, 8.33063774295648, 8.473061122257839, 8.619165545014738, 8.822454757224136, 8.977680498782219, 9.128933347146274, 9.28399281865738, 9.442976215473088, 9.597321544370372, 9.755404100736131, 9.91733399954639, 10.083224987834548, 10.253194588767297, 10.417575859721632, 10.585809115748921, 10.758003408639935, 10.87158675338913, 11.050552250154956, 11.222886201331546, 11.399102192939777, 11.579305643595353, 11.69400588091851, 11.880922573432047, 12.060042487650401, 12.181593952274879, 12.367202557614286], "SnapshotMeanDelay": [1.485741151170135, 1.9366274353253519, 1.9958378345193897, 1.9504524872003082, 2.1341086243722605, 1.9911011345803171, 1.7493657224312997, 1.721452619765528, 2.2396955279765485, 1.883308192386684, 1.973405985672959, 2.2920667637025747, 2.153917069984649, 3.260544422116432, 3.3405768479012488, 2.9039513231193474, 2.6393598633526656, 2.321453666781359, 2.5823539559344137, 3.058619079989778, 3.874040203340992, 3.6047159329490195, 3.4795318375406366, 3.2551956386940906, 3.2659752537503013, 3.227710941851714, 3.7374959515836013, 3.5732237844664625, 3.3890493235821584, 3.321727102200367, 3.386066742671781, 3.3395049608264884, 3.348390017112018, 3.293714103305822, 3.200550526841644, 3.4170511681230047, 3.566740820430253, 3.6041947950150073, 3.660482331909992, 3.699937366327029, 3.7101483689017862, 2.234535724472578, 3.484672792213867, 2.3399896954831667, 2.3446061360360226, 3.2425089502044293, 3.534304190201179, 3.6181676177135778, 3.534503736354626, 3.3565270435133128, 3.1989679633368735, 3.084670589369239, 3.0899470021323636, 2.966270373636736, 2.814848613664886, 2.5613852819681138, 2.5143765503187487, 2.4071332080003427, 2.3399011317634884, 2.119048058372108, 2.1019123364668038, 1.9965004975871097, 1.873887494620177, 1.8127278880631572, 1.8450137707216316, 1.7775543107675043, 1.6787851793866935, 1.4094725386494975, 1.4608690008433955, 1.2402664935900296]}