{"SnapshotNumbers": [50, 51, 52, 53, 54, 55, 56, 57, 58, 59, 60, 61, 62, 63, 64, 65, 66, 67, 68, 69, 70, 71, 72, 73, 74, 75, 76, 77, 78, 79, 80, 81, 82, 83, 84, 85, 86, 87, 88, 89, 90, 91, 92, 93, 94, 95, 96, 97, 98, 99, 100, 101, 102, 103, 104, 105, 106, 107, 108, 109, 110, 111, 112, 113, 114, 115, 116, 117, 118, 119], "SnapshotTimes": [1.6600143869141086, 1.7870610578518569, 1.910374663189027, 2.0566279658005517, 2.1979545826256524, 2.3495344837482337, 2.4942982026932317, 2.648679024181495, 2.7919964070004784, 2.9444522970841254, 3.103679461620113, 3.2503461041698882, 3.4035482502094134, 3.5395210614408477, 3.706074245251531, 3.852039404050016, 4.005330648859183, 4.1380238212264, 4.302863700119068, 4.444078540437954, 4.618010469172704, 4.767519355776625, 4.921821313360232, 5.048501545881991, 5.210902319443069, 5.378187481427072, 5.516742183317032, 5.657151746908872, 5.835657267816712, 5.984925889355137, 6.1314743443417274, 6.288280009550495, 6.441930961431011, 6.60150134785066, 6.767286363666197, 6.891938257577819, 7.058261067482293, 7.230838364822614, 7.363097920077097, 7.541245459552444, 7.6760992541526205, 7.859537305692069, 7.996553509894531, 8.184930564043999, 8.33063774295648, 8.473061122257839, 8.619165545014738, 8.822454757224136, 8.977680498782219, 9.128933347146274, 9.28399281865738, 9.442976215473088, 9.597321544370372, 9.755404100736131, 9.91733399954639, 10.083224987834548, 10.253194588767297, 10.417575859721632, 10.585809115748921, 10.758003408639935, 10.87158675338913, 11.050552250154956, 11.222886201331546, 11.399102192939777, 11.579305643595353, 11.69400588091851, 11.880922573432047, 12.060042487650401, 12.181593952274879, 12.367202557614286], "SnapshotMeanDelay": [1.769647603822067, 1.7707004024084303, 1.740097615292455, 1.7058478229767864, 1.657213133311016, 1.6137456132432024, 1.8744892118641494, 1.9685445619533666, 2.201695582768419, 2.2330366300491153, 2.7563095101985646, 3.180924895487177, 3.030247135642197, 3.1444237529272434, 3.6230335564975555, 3.1595337319403485, 3.0907471593101246, 3.0572507656913843, 2.7081477467759627, 2.5024514222331375, 2.907566826469758, 2.902348268718726, 2.731923056745855, 3.4360857238335263, 3.6556613693484605, 3.455473925595871, 4.117660566550856, 3.5712820015289752, 3.4178682576403054, 3.5781826996158372, 3.483736457547961, 3.691585171878023, 3.854442674652169, 4.029112209844804, 3.620031462540311, 3.6504402485529743, 3.4611275905362544, 3.600334489884404, 3.580791233271239, 3.629511560031107, 3.59919531706441, 3.3530023880008017, 3.2319447970607507, 3.330805650611237, 3.3810599166525, 3.2150883137012642, 3.1745425724733938, 3.031718310324517, 3.075675870365554, 3.010398232507634, 2.933085618064186, 3.0117079584527455, 3.027945265465506, 2.9826832454022583, 2.9231067517226568, 2.858913100758748, 2.6927030126995124, 2.564798104318786, 2.4318972064341895, 2.3463397178797925, 2.3027300288937504, 2.167866007081081, 2.0626399402288857, 2.0081378603436035, 1.9528983578533188, 1.5846345526837642, 1.3972356132211687, 1.2808659995296914, 1.490825618258238, 1.3207012091976789]}