{"SnapshotNumber": 127, "radii": [5.0, 15.0, 25.0, 35.0, 45.0, 55.0, 65.0, 75.0, 85.0, 95.0, 105.0, 115.0, 125.0, 135.0, 145.0, 155.0, 165.0, 175.0, 185.0, 195.0, 205.0, 215.0, 225.0, 235.0, 245.0, 255.0, 265.0, 275.0, 285.0, 295.0, 305.0, 315.0, 325.0, 335.0, 345.0, 355.0, 365.0, 375.0, 385.0, 395.0, 405.0, 415.0, 425.0, 435.0, 445.0, 455.0, 465.0, 475.0, 485.0, 495.0, 505.0, 515.0, 525.0, 535.0, 545.0, 555.0, 565.0, 575.0, 585.0, 595.0, 605.0, 615.0, 625.0, 635.0, 645.0, 655.0, 665.0, 675.0, 685.0, 695.0, 705.0, 715.0, 725.0, 735.0, 745.0, 755.0, 765.0, 775.0, 785.0, 795.0, 805.0, 815.0, 825.0, 835.0, 845.0, 855.0, 865.0, 875.0, 885.0, 895.0, 905.0, 915.0, 925.0, 935.0, 945.0, 955.0, 965.0, 975.0, 985.0, 995.0], "rho_p16": [53648.43953125, 21031.591640625, 12314.4113671875, 5584.903710937499, 2237.856015625, 1387.39912109375, 1093.6138427734375, 950.0795776367188, 828.9836669921875, 704.2315258789063, 628.3478833007813, 554.6107299804687, 473.54145263671876, 391.0275537109375, 334.3860925292969, 298.0638623046875, 263.50752807617187, 232.27618835449218, 207.0309228515625, 190.38028503417968, 179.18792907714845, 166.15338012695312, 154.37834716796874, 140.33596923828125, 131.75578125, 122.28704559326172, 113.518857421875, 107.50493377685547, 98.03499450683594, 90.05493896484376, 80.93544891357422, 74.25058349609375, 66.76424102783203, 58.951171875, 52.09062881469727, 46.75230667114258, 43.13564529418945, 39.39022842407227, 35.68085739135742, 33.20623107910156, 29.111434173583984, 26.959861755371097, 25.24723159790039, 22.592995681762694, 20.461298294067383, 19.497722244262697, 17.715599746704104, 16.366487121582033, 14.97029899597168, 13.462722930908203, 12.575326728820801, 11.885237846374512, 10.62575710296631, 10.215084495544433, 9.060001754760743, 8.861886024475098, 7.902606582641602, 7.669797916412354, 7.261433200836181, 7.11172462463379, 6.685358085632324, 6.440181674957276, 5.82049217224121, 5.801915168762207, 5.086599636077881, 5.046938591003418, 4.634832782745361, 4.334334716796875, 4.209901332855225, 4.0500151062011716, 4.098487281799317, 3.8203475761413577, 3.744902572631836, 3.6231193828582766, 3.4239590167999276, 3.416125822067261, 3.225227909088135, 3.1487963676452635, 3.0798716068267824, 2.9609507083892823, 2.965544013977051, 2.820800971984863, 2.7914059162139893, 2.660129680633545, 2.596818389892578, 2.5569692420959473, 2.520534038543701, 2.3242319869995116, 2.439960765838623, 2.3465781593322754, 2.2538165473937988, 2.346679630279541, 2.25763201713562, 2.2199574184417723, 2.1844545555114747, 2.1810046195983888, 2.0482640647888184, 2.0717770576477053, 1.9577031230926514, 1.9994412899017333], "rho_med": [269305.328125, 120863.3203125, 53174.93359375, 16107.330078125, 4568.263671875, 2645.269775390625, 1900.27392578125, 1438.440673828125, 1188.568115234375, 1017.3328552246094, 888.2254333496094, 806.2526550292969, 702.3167114257812, 587.8838195800781, 488.3271789550781, 430.89556884765625, 382.5502471923828, 346.15052795410156, 318.73468017578125, 299.181640625, 279.7451934814453, 260.64308166503906, 239.07183074951172, 224.5201873779297, 207.90391540527344, 187.88230895996094, 174.35903930664062, 160.40626525878906, 147.77652740478516, 138.43842315673828, 126.28063583374023, 115.36064529418945, 104.50934982299805, 96.4572982788086, 89.8526725769043, 83.48984909057617, 77.74535369873047, 72.89592361450195, 67.40497589111328, 62.71895217895508, 59.44083786010742, 57.11241149902344, 53.78299522399902, 51.068626403808594, 49.216548919677734, 46.79246520996094, 44.34048843383789, 41.272111892700195, 38.7068977355957, 36.625057220458984, 34.38618087768555, 32.338600158691406, 30.363033294677734, 27.74326515197754, 26.39797019958496, 24.700132369995117, 23.333707809448242, 22.099393844604492, 21.301953315734863, 20.516958236694336, 19.72908592224121, 18.547243118286133, 17.9757719039917, 17.535472869873047, 16.49466896057129, 16.11656379699707, 15.477478981018066, 15.190015316009521, 14.567963123321533, 13.76283597946167, 13.754902839660645, 13.019050598144531, 13.305166721343994, 12.694337844848633, 12.409749031066895, 12.491762638092041, 11.851119995117188, 11.864241123199463, 11.676077842712402, 11.159820556640625, 10.873405456542969, 10.612140655517578, 10.302680015563965, 9.907093048095703, 9.565921783447266, 9.532447814941406, 9.365026473999023, 8.909781455993652, 8.79676628112793, 8.792540550231934, 8.51746940612793, 8.248977184295654, 7.993873834609985, 7.849946022033691, 7.513571739196777, 7.238283157348633, 7.044044256210327, 6.7608442306518555, 6.544480323791504, 6.2237160205841064], "rho_p84": [2431488.1699999967, 1096327.7999999998, 306517.8075, 42156.678906249996, 10855.107343749996, 6043.379882812499, 3407.586767578125, 2182.9141113281244, 1810.34326171875, 1567.444091796875, 1317.1769287109373, 1230.5322949218748, 1035.0447167968748, 860.7340844726563, 727.1865063476563, 633.2854174804687, 575.4003515625, 508.3345251464844, 475.65908935546867, 448.8919689941406, 425.28788208007813, 390.4588354492187, 361.60314697265625, 334.51130249023436, 314.01901000976557, 294.7990222167968, 273.84795166015624, 255.93602478027336, 234.455673828125, 213.4530419921875, 199.18742187499998, 184.17602111816407, 168.87871948242187, 162.08200683593748, 150.5319451904297, 142.68448608398438, 134.2390655517578, 125.58458770751953, 115.07851135253907, 108.37293914794915, 100.8767837524414, 94.80076751708985, 88.8883154296875, 84.76711059570313, 79.53361938476563, 77.18530883789062, 74.9922006225586, 72.29553131103513, 68.65142700195311, 65.98642150878906, 63.50104705810546, 61.464899902343745, 59.378072204589834, 56.99667007446289, 55.47172073364257, 53.6668701171875, 50.701214599609365, 48.22736419677734, 46.14778366088866, 44.03774169921874, 43.442662658691404, 42.37996536254881, 41.92466583251953, 41.06130599975586, 40.828482971191406, 39.839099731445316, 39.33440628051758, 38.6372523498535, 37.915967559814455, 37.34952011108398, 38.01467056274414, 37.08235534667969, 36.47960250854491, 36.32812316894531, 36.071620178222645, 35.11257827758787, 34.58642135620117, 34.920806121826146, 34.68231964111328, 34.13085403442383, 34.433429107666015, 33.31236282348628, 31.733567276000972, 32.84891311645509, 30.802177810668933, 32.09701614379883, 31.112157821655273, 30.89951400756836, 30.427905654907224, 29.436652297973602, 28.9675942993164, 28.5283113861084, 28.311464309692383, 28.578944854736328, 27.49952781677246, 26.696047592163087, 27.107019805908195, 26.210573654174798, 25.159675521850584, 25.28171463012694],