{"SnapshotNumber": 127, "radii": [5.0, 15.0, 25.0, 35.0, 45.0, 55.0, 65.0, 75.0, 85.0, 95.0, 105.0, 115.0, 125.0, 135.0, 145.0, 155.0, 165.0, 175.0, 185.0, 195.0, 205.0, 215.0, 225.0, 235.0, 245.0, 255.0, 265.0, 275.0, 285.0, 295.0, 305.0, 315.0, 325.0, 335.0, 345.0, 355.0, 365.0, 375.0, 385.0, 395.0, 405.0, 415.0, 425.0, 435.0, 445.0, 455.0, 465.0, 475.0, 485.0, 495.0, 505.0, 515.0, 525.0, 535.0, 545.0, 555.0, 565.0, 575.0, 585.0, 595.0, 605.0, 615.0, 625.0, 635.0, 645.0, 655.0, 665.0, 675.0, 685.0, 695.0, 705.0, 715.0, 725.0, 735.0, 745.0, 755.0, 765.0, 775.0, 785.0, 795.0, 805.0, 815.0, 825.0, 835.0, 845.0, 855.0, 865.0, 875.0, 885.0, 895.0, 905.0, 915.0, 925.0, 935.0, 945.0, 955.0, 965.0, 975.0, 985.0, 995.0], "rho_p16": [57560.163906249996, 21271.284453125, 12187.5635546875, 5579.1196875, 2258.584814453125, 1414.668486328125, 1083.8231054687499, 953.997109375, 827.2372192382812, 715.2699438476562, 629.7380126953125, 553.393623046875, 476.18900390625, 394.0128552246094, 334.5797314453125, 295.1723425292969, 261.1589880371094, 231.82371582031251, 208.89567321777344, 190.48791625976563, 178.47813110351564, 168.38344177246094, 152.0863787841797, 139.86049621582032, 129.04025207519533, 121.35560150146485, 114.26189086914063, 106.7452230834961, 98.0343701171875, 90.79961822509766, 81.98172973632812, 73.5396957397461, 66.17007659912109, 59.335733795166014, 52.46707794189453, 46.39490737915039, 42.9127082824707, 39.215624237060545, 35.35133911132812, 32.79375732421875, 29.353596496582032, 26.716176452636724, 25.023965072631835, 23.17768196105957, 21.426141891479492, 19.32328239440918, 17.471068572998046, 16.520427703857422, 14.673705978393555, 13.6617232131958, 12.499682273864746, 12.069979362487793, 10.673635292053223, 10.355554161071778, 9.466998825073242, 8.843673095703126, 7.988644580841065, 7.882512569427491, 7.436598205566407, 6.918310165405273, 6.684492454528809, 6.173191547393799, 5.631673469543458, 5.5406238555908205, 5.027529182434082, 4.9238382339477536, 4.5580648422241214, 4.3291558837890625, 4.163546047210693, 4.15533842086792, 4.011065044403076, 3.872128438949585, 3.8196077823638914, 3.620766839981079, 3.4707400035858154, 3.391821174621582, 3.301632843017578, 3.2671013164520266, 3.0680470275878906, 2.9615278244018555, 2.836094398498535, 2.776877927780151, 2.6967129135131835, 2.7201540946960447, 2.607476320266724, 2.5519221305847166, 2.443266038894653, 2.3626292896270753, 2.419977054595947, 2.33886926651001, 2.302398166656494, 2.346252841949463, 2.222753438949585, 2.274234619140625, 2.2136558151245116, 2.184137601852417, 2.0385522842407227, 2.090360927581787, 1.9691146850585939, 2.0141823387146], "rho_med": [274804.90625, 118267.1171875, 52589.98046875, 15880.654296875, 4582.382080078125, 2609.3236083984375, 1902.9365844726562, 1443.192626953125, 1195.528076171875, 1014.2784729003906, 886.6783447265625, 808.2478942871094, 701.3348693847656, 589.7414245605469, 486.7223815917969, 429.57164001464844, 383.7884979248047, 346.4127197265625, 317.7528076171875, 297.6288299560547, 279.3705139160156, 258.45361328125, 239.68767547607422, 223.03271484375, 206.91973876953125, 188.4820098876953, 173.83253479003906, 161.90045928955078, 146.93363189697266, 137.74864196777344, 126.38531875610352, 114.52123260498047, 105.18014526367188, 97.1474380493164, 89.99547958374023, 83.0239486694336, 77.45231628417969, 72.89802551269531, 67.49309539794922, 63.07061576843262, 59.5540771484375, 57.008872985839844, 54.08621025085449, 51.428409576416016, 48.49896240234375, 46.55046081542969, 44.260799407958984, 40.87968826293945, 38.97036552429199, 36.472145080566406, 34.27628135681152, 32.461097717285156, 30.37298583984375, 28.20717144012451, 26.405609130859375, 25.094955444335938, 23.50693130493164, 22.277101516723633, 21.1998348236084, 20.13918113708496, 19.53541660308838, 18.460789680480957, 18.08160400390625, 17.0919189453125, 16.513017654418945, 15.781270980834961, 15.587496757507324, 15.159134864807129, 14.619003772735596, 13.830626487731934, 13.611216068267822, 13.251762866973877, 13.163932800292969, 12.645231246948242, 12.54792594909668, 12.350866794586182, 12.087034225463867, 11.512932777404785, 11.593661308288574, 11.070005416870117, 10.8744478225708, 10.450531959533691, 10.22706127166748, 9.988733768463135, 9.52121353149414, 9.52180528640747, 9.280048370361328, 8.777848243713379, 8.79165267944336, 8.559186935424805, 8.324615478515625, 8.108382225036621, 7.91264009475708, 7.765162229537964, 7.519614934921265, 7.2497265338897705, 6.992928981781006, 6.754057168960571, 6.432084083557129, 6.2728376388549805], "rho_p84": [2421591.8000000003, 1100473.625, 309113.85124999995, 42634.315625, 10957.674414062498, 5927.2042578125, 3390.384580078125, 2185.467470703124, 1793.6198486328124, 1594.304379882812, 1331.8069628906246, 1212.0735205078124, 1038.4809667968748, 866.3865502929686, 720.0373388671874, 628.2772412109375, 579.8375146484375, 506.6683264160156, 478.22075927734375, 452.70083007812497, 425.20163452148427, 394.13276489257805, 362.83708129882814, 335.5609155273437, 311.539501953125, 294.8880920410156, 271.5104187011719, 252.61629516601562, 234.0849340820312, 216.77071716308592, 199.20093811035156, 180.82025573730468, 167.44740112304686, 161.7845733642578, 151.67578247070313, 143.10101318359372, 134.72309265136718, 126.19141387939453, 115.03886291503906, 108.39580871582031, 101.50356536865235, 93.96639709472656, 89.36745147705078, 83.65622680664063, 80.8213818359375, 77.01118133544921, 75.51593475341797, 71.04235076904297, 68.75817260742187, 66.13611877441407, 63.15799865722656, 61.28971969604492, 60.14897994995117, 57.336725311279295, 55.242708435058596, 52.866690979003906, 51.83361602783203, 48.70262222290038, 46.86875457763672, 44.6228141784668, 43.91130462646484, 42.78018432617187, 42.36635589599609, 41.070277557373046, 40.94581405639649, 39.754739685058574, 39.29236831665037, 38.71265869140625, 38.5141096496582, 37.64173080444336, 37.87306365966797, 37.01176605224609, 37.08494445800782, 36.354031982421866, 36.312039642333986, 35.5216078186035, 34.76896041870117, 34.70404968261719, 34.620045318603516, 34.371454010009764, 34.23943389892575, 33.67544250488281, 32.72946868896485, 31.816628341674807, 30.62238723754883, 31.670226287841782, 31.063853149414047, 30.583189849853518, 29.73047775268554, 29.49041763305663, 28.589899291992186, 27.893320617675766, 27.75281707763672, 28.202182540893553, 27.578474731445304, 26.91787872314453, 26.976273651123044, 26.317926254272447, 25.500909805297848, 25.72577270507811],