{"SnapshotNumbers": [50, 51, 52, 53, 54, 55, 56, 57, 58, 59, 60, 61, 62, 63, 64, 65, 66, 67, 68, 69, 70, 71, 72, 73, 74, 75, 76, 77, 78, 79, 80, 81, 82, 83, 84, 85, 86, 87, 88, 89, 90, 91, 92, 93, 94, 95, 96, 97, 98, 99, 100, 101, 102, 103, 104, 105, 106, 107, 108, 109, 110, 111, 112, 113, 114, 115, 116], "SnapshotTimes": [1.6600143869141086, 1.7870610578518569, 1.910374663189027, 2.0566279658005517, 2.1979545826256524, 2.3495344837482337, 2.4942982026932317, 2.648679024181495, 2.7919964070004784, 2.9444522970841254, 3.103679461620113, 3.2503461041698882, 3.4035482502094134, 3.5395210614408477, 3.706074245251531, 3.852039404050016, 4.005330648859183, 4.1380238212264, 4.302863700119068, 4.444078540437954, 4.618010469172704, 4.767519355776625, 4.921821313360232, 5.048501545881991, 5.210902319443069, 5.378187481427072, 5.516742183317032, 5.657151746908872, 5.835657267816712, 5.984925889355137, 6.1314743443417274, 6.288280009550495, 6.441930961431011, 6.60150134785066, 6.767286363666197, 6.891938257577819, 7.058261067482293, 7.230838364822614, 7.363097920077097, 7.541245459552444, 7.6760992541526205, 7.859537305692069, 7.996553509894531, 8.184930564043999, 8.33063774295648, 8.473061122257839, 8.619165545014738, 8.822454757224136, 8.977680498782219, 9.128933347146274, 9.28399281865738, 9.442976215473088, 9.597321544370372, 9.755404100736131, 9.91733399954639, 10.083224987834548, 10.253194588767297, 10.417575859721632, 10.585809115748921, 10.758003408639935, 10.87158675338913, 11.050552250154956, 11.222886201331546, 11.399102192939777, 11.579305643595353, 11.69400588091851, 11.880922573432047], "SnapshotMeanDelay": [1.576655143433687, 1.6647450762009683, 1.4967585139560078, 1.5534973142078292, 1.7319464699468516, 1.6320976508877831, 1.7115461771031042, 2.0603458484501265, 2.094626073764503, 2.135565578821077, 2.155846214479562, 1.6206094606888628, 1.9239674711847448, 2.1056538191496035, 1.82254756617351, 2.477166351638806, 2.219533463033429, 1.8983782851513662, 2.666663242289167, 3.1180479174231635, 2.111716909764171, 2.0297241104029746, 2.4042470063802948, 2.4046570064744905, 2.2564549327389747, 2.3159693078069545, 2.435149677980005, 2.495307714294583, 2.463089212462232, 2.5976939652295625, 2.5597815813081692, 2.5446094198187756, 2.539863134639265, 2.673628185931492, 2.5761018941266736, 2.3875765676675824, 2.343324776400874, 2.608362544733636, 3.0280733823291563, 2.784165571173857, 2.807461607188499, 2.8448772589257962, 2.78201562199623, 2.738668925452993, 2.552641534124492, 2.4766485526512225, 2.673814663235966, 2.773381054895512, 3.1485838634185486, 3.128931470642106, 2.8274298421636246, 2.5583656066391587, 2.7316314093763165, 2.523647923799664, 2.8534844932129775, 3.168842474501393, 3.0450060333649627, 2.847721598202189, 2.743904967206916, 2.70700676104239, 2.711908803962519, 2.5093135585792763, 2.3094527714943767, 2.2245136064811484, 2.074658077874231, 2.0044310034135044, 1.817514310899968]}