{"SnapshotNumber": 127, "radii": [5.0, 15.0, 25.0, 35.0, 45.0, 55.0, 65.0, 75.0, 85.0, 95.0, 105.0, 115.0, 125.0, 135.0, 145.0, 155.0, 165.0, 175.0, 185.0, 195.0, 205.0, 215.0, 225.0, 235.0, 245.0, 255.0, 265.0, 275.0, 285.0, 295.0, 305.0, 315.0, 325.0, 335.0, 345.0, 355.0, 365.0, 375.0, 385.0, 395.0, 405.0, 415.0, 425.0, 435.0, 445.0, 455.0, 465.0, 475.0, 485.0, 495.0, 505.0, 515.0, 525.0, 535.0, 545.0, 555.0, 565.0, 575.0, 585.0, 595.0, 605.0, 615.0, 625.0, 635.0, 645.0, 655.0, 665.0, 675.0, 685.0, 695.0, 705.0, 715.0, 725.0, 735.0, 745.0, 755.0, 765.0, 775.0, 785.0, 795.0, 805.0, 815.0, 825.0, 835.0, 845.0, 855.0, 865.0, 875.0, 885.0, 895.0, 905.0, 915.0, 925.0, 935.0, 945.0, 955.0, 965.0, 975.0, 985.0, 995.0], "rho_p16": [292118.51375, 33872.1915625, 15459.357382812499, 9777.466328125, 5322.97814453125, 3370.7468554687503, 2281.820947265625, 1733.2847607421875, 1288.7758984375, 1044.8936767578125, 973.49083984375, 904.6851806640625, 835.3988330078125, 739.1409423828126, 633.2703857421875, 572.5633642578125, 522.56708984375, 460.3945922851563, 421.6104370117188, 401.928017578125, 377.3313244628906, 364.62137817382813, 317.44206665039064, 287.9175927734375, 256.02984802246095, 230.03725952148437, 197.98295043945313, 183.42777465820313, 170.1322021484375, 149.64695434570314, 139.46390686035156, 129.47446533203126, 114.9110824584961, 107.09609802246094, 101.03256286621094, 94.9726495361328, 87.34267303466797, 82.49137023925782, 72.81920654296874, 62.047064056396486, 57.89025695800782, 56.95807678222656, 50.122952728271486, 45.95553451538086, 43.68448440551758, 40.58035690307617, 38.530833587646484, 35.89274108886719, 35.37893173217773, 32.28302398681641, 32.340566864013674, 30.45484161376953, 28.884989013671873, 27.31149024963379, 25.502865600585938, 25.359313201904296, 24.06009391784668, 23.078746643066406, 22.100894851684572, 21.55109405517578, 20.387357711791992, 19.997661590576172, 18.506725387573244, 17.8908837890625, 17.891234893798828, 16.975630111694336, 16.234005126953125, 15.809210815429687, 15.500801277160644, 14.817342872619628, 14.626200485229493, 13.874437637329102, 13.493709831237792, 13.691335678100586, 13.080702133178711, 12.421860961914062, 12.36589729309082, 12.325276565551757, 11.68259910583496, 11.408670845031738, 11.281657638549804, 10.806449165344238, 10.61596092224121, 10.209764404296875, 9.985653305053711, 9.613991241455079, 9.629319534301757, 9.288343887329102, 8.844790306091308, 8.961865348815918, 8.599934616088866, 8.304684371948243, 8.104185638427735, 8.031265182495117, 8.017261505126953, 7.92995792388916, 7.498496341705322, 7.424931373596191, 7.093531379699707, 7.021941184997559], "rho_med": [1015479.28125, 106626.48828125, 46367.8984375, 25375.3154296875, 11640.9814453125, 6829.728515625, 4737.9677734375, 3411.297119140625, 2465.4052734375, 1927.135009765625, 1674.2344360351562, 1472.769287109375, 1334.46044921875, 1187.6798706054688, 1042.4991455078125, 924.5865478515625, 854.3914794921875, 760.6698608398438, 690.9939575195312, 652.4006958007812, 614.226318359375, 568.5573120117188, 509.3298034667969, 467.16876220703125, 419.52899169921875, 382.79869079589844, 336.9042053222656, 306.1004943847656, 278.4211730957031, 256.4424743652344, 239.981689453125, 222.86326599121094, 208.36631774902344, 195.05823516845703, 184.94882202148438, 175.29266357421875, 163.9491729736328, 158.39602661132812, 149.82437133789062, 140.3282012939453, 132.58203125, 127.71329498291016, 118.79187774658203, 111.35945892333984, 106.74978256225586, 103.40592575073242, 100.42037963867188, 93.45870208740234, 90.08295440673828, 83.4549674987793, 83.78009033203125, 77.55355834960938, 73.11441040039062, 69.6570053100586, 65.945556640625, 64.11314010620117, 59.58647346496582, 58.26929473876953, 55.591060638427734, 53.17074775695801, 50.75752639770508, 48.862510681152344, 47.34996795654297, 44.88105583190918, 43.22987365722656, 43.847015380859375, 40.75322341918945, 40.74100303649902, 41.06897735595703, 38.71487045288086, 37.57194137573242, 36.98995590209961, 35.37592697143555, 35.3638801574707, 35.55349349975586, 34.53218650817871, 32.565101623535156, 32.6926383972168, 31.729968070983887, 29.178726196289062, 30.372417449951172, 28.78587818145752, 27.933263778686523, 26.22882843017578, 26.884421348571777, 26.150753021240234, 25.862070083618164, 25.145864486694336, 24.146358489990234, 24.781332969665527, 22.710721015930176, 23.101530075073242, 23.117855072021484, 21.71383285522461, 21.229896545410156, 21.595260620117188, 20.606460571289062, 19.10940170288086, 19.525699615478516, 18.01752471923828], "rho_p84": [4354324.079999998, 1278965.125, 258263.5593750002, 83698.4365625, 39599.71359375, 19776.398593749997, 11556.793164062497, 6864.410546874998, 4459.389160156249, 3379.209824218749, 2758.1468359375003, 2361.50341796875, 2030.1524658203125, 1767.6917529296873, 1600.6270751953125, 1428.8778369140625, 1307.861435546875, 1163.314501953125, 1050.7875341796876, 967.5261425781249, 889.3213720703125, 826.265588378906, 747.7520629882813, 689.7316284179688, 621.9856811523438, 562.5142675781249, 509.97441650390624, 461.8482824707031, 425.0979309082031, 405.6380432128906, 370.64862670898435, 352.76213256835933, 334.68392456054687, 324.7504565429687, 313.2408239746094, 300.69901977539064, 304.1854931640625, 289.19491333007807, 279.5780358886719, 259.4448828125, 243.4722625732422, 242.6815167236328, 228.69910827636724, 225.28908325195314, 219.85267211914064, 218.53505737304687, 213.3539074707031, 207.4972137451171, 203.49856506347658, 190.67082763671868, 185.310523071289, 185.18215942382812, 170.1292431640625, 171.86580200195309, 165.91560058593737, 158.9662963867187, 155.70469726562501, 153.6777618408203, 152.70339965820312, 147.33368041992188, 145.91130065917935, 144.84765930175777, 147.82541870117186, 143.2482275390625, 143.84668212890622, 140.54351806640625, 143.5416625976562, 141.4781634521483, 146.8248681640623, 139.28857727050772, 140.0014086914062, 142.2660620117187, 133.92810302734372, 142.25938415527344, 133.55746765136715, 130.78587280273442, 125.52378997802711, 122.84229278564452, 119.74622344970703, 116.00752105712891, 112.38434326171874, 120.60695617675778, 111.42474639892578, 110.90864105224605, 112.36455993652334, 112.52140136718747, 112.38993927001947, 110.50824981689452, 111.08885253906239, 107.25393920898436, 107.28563293457032, 107.19109741210931, 108.63738189697266, 104.55622100830075, 98.75542907714842, 101.33639251708985, 100.72955627441397, 99.49130462646485, 93.65881134033201, 92.41859436035153],