{"SnapshotNumber": 127, "radii": [5.0, 15.0, 25.0, 35.0, 45.0, 55.0, 65.0, 75.0, 85.0, 95.0, 105.0, 115.0, 125.0, 135.0, 145.0, 155.0, 165.0, 175.0, 185.0, 195.0, 205.0, 215.0, 225.0, 235.0, 245.0, 255.0, 265.0, 275.0, 285.0, 295.0, 305.0, 315.0, 325.0, 335.0, 345.0, 355.0, 365.0, 375.0, 385.0, 395.0, 405.0, 415.0, 425.0, 435.0, 445.0, 455.0, 465.0, 475.0, 485.0, 495.0, 505.0, 515.0, 525.0, 535.0, 545.0, 555.0, 565.0, 575.0, 585.0, 595.0, 605.0, 615.0, 625.0, 635.0, 645.0, 655.0, 665.0, 675.0, 685.0, 695.0, 705.0, 715.0, 725.0, 735.0, 745.0, 755.0, 765.0, 775.0, 785.0, 795.0, 805.0, 815.0, 825.0, 835.0, 845.0, 855.0, 865.0, 875.0, 885.0, 895.0, 905.0, 915.0, 925.0, 935.0, 945.0, 955.0, 965.0, 975.0, 985.0, 995.0], "rho_p16": [301143.91125, 34420.16296875, 15140.497578125001, 9648.033398437501, 5438.85296875, 3294.526796875, 2218.30369140625, 1687.2964111328129, 1327.00322265625, 1052.4864599609375, 952.8887036132812, 891.98828125, 840.1769433593751, 738.946328125, 641.2340087890625, 583.905302734375, 518.6383618164062, 458.59565673828126, 420.75322875976565, 400.60375244140624, 379.7230651855469, 355.92974609375, 319.16148559570314, 296.47998779296876, 257.18096313476565, 228.5369110107422, 199.84876159667968, 181.9143572998047, 167.32217407226562, 151.0413659667969, 142.66592895507813, 131.4413348388672, 117.16473022460937, 108.72739349365234, 101.37915283203125, 94.47437622070314, 85.6379620361328, 83.84347229003906, 67.37294799804688, 63.10722351074219, 57.13627792358398, 53.44753753662109, 48.404812316894535, 45.95382965087891, 44.23067092895508, 40.88059295654297, 39.58045776367187, 36.216380767822265, 34.728707733154295, 32.71823135375977, 32.98326721191406, 30.491993408203125, 28.484048156738282, 27.83938674926758, 25.509372482299806, 25.770875549316408, 23.87777671813965, 23.461402893066406, 21.89147331237793, 21.05225486755371, 20.391549911499023, 19.825229263305665, 18.998868942260742, 18.292582931518556, 17.385405197143555, 16.41308609008789, 16.204642715454103, 15.653951187133789, 15.362801132202149, 15.082921752929687, 14.574384803771974, 14.09473876953125, 13.693323097229005, 13.397044639587403, 13.26622486114502, 12.473319549560546, 12.567653198242187, 12.271372222900391, 11.710477142333984, 11.512755737304687, 11.284259986877442, 10.806724700927735, 10.63622802734375, 10.331147651672364, 9.98865795135498, 9.815249214172363, 9.685690422058105, 9.436020736694337, 8.82190399169922, 9.046123695373534, 8.718042068481445, 8.400391578674316, 8.183756217956542, 8.000917892456055, 7.976556015014649, 7.852728271484375, 7.425580024719238, 7.353901634216308, 7.281428680419922, 7.042647895812989], "rho_med": [995644.125, 102859.06640625, 44960.09765625, 25414.56640625, 11673.9970703125, 6856.499267578125, 4710.7958984375, 3385.4139404296875, 2449.7486572265625, 1948.3231201171875, 1648.43896484375, 1477.1771240234375, 1339.9346923828125, 1181.0682373046875, 1039.0662841796875, 930.7301025390625, 845.6243896484375, 759.4165954589844, 685.6080322265625, 643.4089965820312, 603.9282836914062, 569.806396484375, 508.23114013671875, 473.35752868652344, 420.0959014892578, 381.79144287109375, 337.7275390625, 304.3868408203125, 281.0567932128906, 258.70191955566406, 241.7917022705078, 223.30738067626953, 206.1180877685547, 194.50312042236328, 186.41893005371094, 173.7356414794922, 164.41615295410156, 159.3666763305664, 150.2977752685547, 141.5158233642578, 130.4652099609375, 125.46739196777344, 117.53466033935547, 112.69144439697266, 106.32789611816406, 102.0107192993164, 99.32221603393555, 95.13528442382812, 90.49168014526367, 85.82469177246094, 84.00230407714844, 77.68550491333008, 73.58223724365234, 70.04741668701172, 64.16596984863281, 63.95969200134277, 58.930015563964844, 57.29901885986328, 54.139652252197266, 54.51608848571777, 50.23879432678223, 50.27386283874512, 48.80643653869629, 44.97764205932617, 43.63270568847656, 42.48609924316406, 40.666587829589844, 41.69484329223633, 40.77968215942383, 38.06864929199219, 36.60149002075195, 35.23320007324219, 37.35724449157715, 34.88959503173828, 35.67811393737793, 32.80016326904297, 33.28458786010742, 32.18264389038086, 30.891664505004883, 29.262372970581055, 29.88288116455078, 28.628705978393555, 27.758767127990723, 27.935097694396973, 26.557498931884766, 26.518577575683594, 25.74385643005371, 25.72780704498291, 24.517512321472168, 24.482255935668945, 23.049734115600586, 22.629791259765625, 22.791069984436035, 21.71191120147705, 21.041996002197266, 21.593979835510254, 20.933951377868652, 19.527409553527832, 20.06760883331299, 18.764477729797363], "rho_p84": [4404792.24, 1262467.7149999999, 254233.848125, 86088.15000000002, 38559.125, 19653.542656249996, 11503.284609375, 6760.322128906245, 4522.517714843749, 3393.610244140625, 2739.695185546875, 2347.6628906249994, 2015.6707568359375, 1754.4558642578127, 1578.8221435546875, 1427.27669921875, 1318.4680126953124, 1160.598671875, 1051.8160009765625, 986.1557250976563, 901.2367065429688, 827.036203613281, 753.0385742187499, 683.1682080078125, 620.4707885742188, 564.4910278320312, 511.7027685546875, 466.68244873046876, 425.13719482421874, 400.6618212890625, 369.324345703125, 352.4739892578124, 332.96591796875, 322.31917358398437, 311.7624963378905, 300.55260498046874, 299.66383789062496, 286.12456909179684, 280.1324243164063, 260.10028076171875, 241.21023010253901, 237.3136682128905, 230.41087280273427, 228.33505126953125, 223.27548522949218, 216.8245538330078, 210.5988671875, 206.060537109375, 203.84949829101564, 189.17710327148433, 190.17431030273423, 181.1008898925781, 174.00580627441406, 170.1133178710937, 163.7895617675781, 162.45381774902344, 151.9202606201172, 157.3250604248046, 148.2989923095703, 150.32015075683583, 147.80455932617187, 148.33756408691397, 144.33952453613273, 146.10276489257805, 140.37728027343752, 142.07934936523435, 140.59081909179682, 142.3098248291016, 143.31077880859374, 143.88961486816405, 141.21624328613277, 136.0312115478515, 135.8693310546875, 137.971456298828, 131.81553527832028, 128.9441790771484, 127.1637899780273, 121.50875579833985, 124.7386993408203, 117.61665924072261, 114.5320327758788, 119.97991973876952, 119.20091705322253, 114.75903656005856, 110.1534442138672, 110.87208618164053, 106.4916436767578, 112.54199554443359, 113.53569488525389, 109.704541015625, 108.96750793457029, 106.974365234375, 109.5059765625, 103.70301879882811, 103.81819885253904, 100.24619903564448, 101.6349432373047, 101.00913055419919, 93.16106842041015, 94.61117584228505],