{"SnapshotNumber": 127, "radii": [5.0, 15.0, 25.0, 35.0, 45.0, 55.0, 65.0, 75.0, 85.0, 95.0, 105.0, 115.0, 125.0, 135.0, 145.0, 155.0, 165.0, 175.0, 185.0, 195.0, 205.0, 215.0, 225.0, 235.0, 245.0, 255.0, 265.0, 275.0, 285.0, 295.0, 305.0, 315.0, 325.0, 335.0, 345.0, 355.0, 365.0, 375.0, 385.0, 395.0, 405.0, 415.0, 425.0, 435.0, 445.0, 455.0, 465.0, 475.0, 485.0, 495.0, 505.0, 515.0, 525.0, 535.0, 545.0, 555.0, 565.0, 575.0, 585.0, 595.0, 605.0, 615.0, 625.0, 635.0, 645.0, 655.0, 665.0, 675.0, 685.0, 695.0, 705.0, 715.0, 725.0, 735.0, 745.0, 755.0, 765.0, 775.0, 785.0, 795.0, 805.0, 815.0, 825.0, 835.0, 845.0, 855.0, 865.0, 875.0, 885.0, 895.0, 905.0, 915.0, 925.0, 935.0, 945.0, 955.0, 965.0, 975.0, 985.0, 995.0], "rho_p16": [256533.605625, 29151.035390625002, 11095.064140625, 5619.5316015625, 3531.0175878906252, 2272.84154296875, 1546.4506494140626, 1161.2181396484375, 947.5204272460937, 793.3422485351563, 684.6109252929688, 649.8710302734376, 655.0338452148437, 689.6818481445313, 654.4613720703124, 653.3798706054688, 657.48201171875, 654.4901000976563, 646.7695556640625, 648.7291455078125, 653.7707763671875, 648.5681591796875, 642.89876953125, 621.53091796875, 600.3412231445312, 557.8978881835938, 528.8900219726562, 483.9195361328125, 447.1712390136719, 409.4098876953125, 368.9792517089844, 319.91350830078125, 277.5394287109375, 242.7317980957031, 206.01082763671874, 186.31836486816405, 162.17031188964845, 143.7335107421875, 136.25294860839844, 119.94203186035156, 108.68856018066407, 98.47262573242188, 92.76641998291015, 86.69667968750001, 83.53227142333985, 78.74712799072266, 71.08023376464844, 67.86379028320313, 62.98879913330078, 59.092319641113285, 56.382117462158206, 50.66826324462891, 48.996899108886716, 46.68389892578125, 46.029465942382814, 43.036346435546875, 41.53511779785156, 39.159446716308594, 36.64824127197266, 34.64648361206055, 33.409924011230466, 31.02766540527344, 28.97444725036621, 26.43900543212891, 24.91956443786621, 26.202874450683595, 22.768036346435547, 22.932601165771487, 19.336801528930664, 19.104734420776367, 17.164170227050782, 16.96814727783203, 15.858215713500977, 15.741702613830567, 14.69879150390625, 13.865674362182617, 13.838751449584962, 13.447050285339355, 12.90191707611084, 12.185033378601075, 11.881449394226074, 11.632669486999513, 11.056446952819824, 10.822855262756347, 10.466338920593262, 10.140108032226562, 9.963859519958497, 9.528907852172852, 9.370411643981933, 9.253719711303711, 8.983570289611817, 8.622301330566406, 8.578343353271485, 8.36967830657959, 8.240211486816406, 7.989430751800537, 7.8550559425354, 7.507929248809814, 7.598487243652344, 7.376780261993408], "rho_med": [774707.3125, 65210.83984375, 24160.248046875, 12707.669921875, 8630.48828125, 4797.669189453125, 2983.653076171875, 2130.619384765625, 1779.3929443359375, 1505.066162109375, 1331.9488525390625, 1199.842529296875, 1134.94921875, 1079.6232299804688, 1041.6171264648438, 1013.7027587890625, 1009.3941040039062, 982.1065063476562, 970.7623596191406, 954.863037109375, 949.0297241210938, 928.7100830078125, 908.7019958496094, 883.5150756835938, 859.8096313476562, 816.2630920410156, 779.8524475097656, 729.8547058105469, 684.7437744140625, 639.5661010742188, 585.1943054199219, 519.7283630371094, 464.53089904785156, 412.000732421875, 369.6452331542969, 327.7493896484375, 294.2058410644531, 255.900634765625, 234.14476013183594, 211.196044921875, 193.12590789794922, 179.47177124023438, 168.421630859375, 161.15709686279297, 153.20128631591797, 147.4797821044922, 139.64562225341797, 133.22108459472656, 125.89422988891602, 119.79428100585938, 114.23113250732422, 110.2670669555664, 104.17422485351562, 102.7624282836914, 96.50352478027344, 91.15010833740234, 88.94759368896484, 82.39479064941406, 81.87236785888672, 77.7559928894043, 74.48431015014648, 69.1947021484375, 67.34918594360352, 64.08252716064453, 61.631669998168945, 58.29731750488281, 57.553049087524414, 53.629913330078125, 52.43049621582031, 51.393802642822266, 46.79929733276367, 46.24959945678711, 44.97673416137695, 43.06968116760254, 40.610660552978516, 39.78401184082031, 38.75046730041504, 37.575111389160156, 35.399497985839844, 34.84842491149902, 33.824127197265625, 33.78567123413086, 31.783824920654297, 31.25346851348877, 30.584139823913574, 28.960771560668945, 27.61900043487549, 27.832706451416016, 26.582850456237793, 26.052017211914062, 26.041393280029297, 25.45331573486328, 25.18940544128418, 24.42575168609619, 22.99363613128662, 22.361848831176758, 22.280900955200195, 21.839996337890625, 21.16390609741211, 20.90828514099121], "rho_p84": [3790988.7700000014, 1497863.265, 697002.4224999993, 387795.15375, 126455.21937499997, 32274.403281250008, 7451.315781249998, 4098.758203124999, 3126.1278808593747, 2636.6897949218737, 2166.348583984375, 1920.70693359375, 1763.549106445313, 1610.3760888671875, 1588.0973974609376, 1471.640869140625, 1420.796489257812, 1392.8163330078123, 1380.874072265625, 1365.116044921875, 1305.668115234375, 1289.5705908203124, 1248.1702294921874, 1241.0821191406249, 1224.4474853515624, 1178.6423339843748, 1151.03857421875, 1135.3853857421875, 1060.8574560546874, 983.3149047851558, 900.2757373046874, 813.6932348632813, 726.0738354492188, 648.344775390625, 593.5722534179687, 530.9083105468749, 482.6316308593749, 430.8995153808594, 393.5970263671875, 362.18286132812494, 339.32011962890624, 315.0510559082031, 295.0660021972656, 283.02558959960925, 268.9073388671875, 257.1484912109375, 249.96280822753906, 241.9523645019531, 235.11874145507812, 226.63566772460936, 220.72215576171874, 213.45766174316395, 212.27750549316403, 215.88308532714842, 210.67636718749998, 204.76651306152317, 191.68141052246094, 186.520620727539, 182.3899792480469, 176.10855712890626, 169.7638378906249, 169.7896789550781, 158.52565856933595, 156.89434509277328, 148.56679260253912, 145.06919006347655, 143.34856201171874, 139.91390686035137, 136.1586151123047, 136.6617218017578, 126.90457061767567, 127.23292236328125, 121.31852874755855, 123.03456451415998, 112.85221313476559, 109.53907836914063, 107.62827453613282, 102.73154144287108, 99.36359680175777, 97.90524505615235, 96.43506256103514, 95.97738403320312, 94.23088928222657, 92.1095751953125, 89.96879730224607, 88.75328674316394, 86.61537567138666, 87.75042907714841, 90.43315429687499, 85.55041198730467, 84.04839935302734, 84.51640655517573, 86.24317138671874, 78.66859130859373, 77.02637634277343, 77.68206878662103, 77.48131988525391, 73.94323425292968, 74.90726196289063, 72.49420257568359],