{"SnapshotNumber": 127, "radii": [5.0, 15.0, 25.0, 35.0, 45.0, 55.0, 65.0, 75.0, 85.0, 95.0, 105.0, 115.0, 125.0, 135.0, 145.0, 155.0, 165.0, 175.0, 185.0, 195.0, 205.0, 215.0, 225.0, 235.0, 245.0, 255.0, 265.0, 275.0, 285.0, 295.0, 305.0, 315.0, 325.0, 335.0, 345.0, 355.0, 365.0, 375.0, 385.0, 395.0, 405.0, 415.0, 425.0, 435.0, 445.0, 455.0, 465.0, 475.0, 485.0, 495.0, 505.0, 515.0, 525.0, 535.0, 545.0, 555.0, 565.0, 575.0, 585.0, 595.0, 605.0, 615.0, 625.0, 635.0, 645.0, 655.0, 665.0, 675.0, 685.0, 695.0, 705.0, 715.0, 725.0, 735.0, 745.0, 755.0, 765.0, 775.0, 785.0, 795.0, 805.0, 815.0, 825.0, 835.0, 845.0, 855.0, 865.0, 875.0, 885.0, 895.0, 905.0, 915.0, 925.0, 935.0, 945.0, 955.0, 965.0, 975.0, 985.0, 995.0], "rho_p16": [261982.3275, 29145.08171875, 11256.61171875, 5590.06580078125, 3512.764443359375, 2270.767685546875, 1561.082109375, 1166.770283203125, 958.9490795898438, 789.6299365234376, 708.3663330078125, 633.5211181640625, 662.4869750976562, 678.7871875, 662.3349194335938, 642.0586865234375, 664.9919140625, 656.4792358398438, 651.1859423828125, 653.303603515625, 656.0715771484375, 653.8906323242187, 639.7929272460938, 625.7587304687501, 597.5681860351563, 565.709091796875, 531.9869702148437, 485.9183923339844, 448.75364013671873, 405.4508044433594, 372.2336059570312, 319.16084716796877, 277.6234619140625, 237.79778564453125, 206.10512084960936, 184.0896710205078, 165.5406524658203, 143.45966003417968, 132.00922119140625, 119.74049530029296, 105.56278717041016, 102.3718487548828, 93.99887664794922, 88.52010040283203, 82.12430389404297, 77.417587890625, 71.32197265625, 67.57993011474609, 62.254302215576175, 58.431419372558594, 56.34375244140625, 52.89257110595703, 48.685918731689455, 46.757632141113284, 45.04216506958008, 44.03457412719727, 41.748109130859376, 39.21589126586914, 35.86068328857422, 33.41198333740234, 32.64257339477539, 30.99551429748535, 29.906551055908203, 28.827577972412108, 26.245370864868164, 25.662316131591798, 21.467321166992186, 20.72961349487305, 19.304372787475593, 19.09068176269531, 17.015699081420898, 16.79311408996582, 16.623938217163087, 15.457137603759765, 15.257594108581543, 14.07918270111084, 13.979679069519042, 13.379245986938477, 12.348276100158692, 12.235980796813966, 11.908573532104493, 11.777502059936523, 11.112714042663574, 10.986617088317871, 10.60318374633789, 10.238272285461425, 10.151108474731446, 9.607585906982422, 9.438417892456055, 9.200460662841797, 9.018095436096191, 8.848161354064942, 8.623345260620116, 8.250850296020507, 8.167651748657226, 7.936649646759033, 7.828708095550537, 7.546109848022461, 7.506222057342529, 7.175762748718261], "rho_med": [815446.21875, 67833.7421875, 24911.7607421875, 12971.0400390625, 8621.6064453125, 4969.724609375, 2956.240478515625, 2116.1875, 1816.0852661132812, 1510.718994140625, 1314.0912475585938, 1192.90087890625, 1142.3238525390625, 1081.15673828125, 1039.55126953125, 1017.3970336914062, 1006.780029296875, 992.3164672851562, 967.0746765136719, 957.5310668945312, 947.1256103515625, 932.6431884765625, 908.8704223632812, 878.3096008300781, 856.2743225097656, 817.2072448730469, 778.6166381835938, 723.9627075195312, 679.1877746582031, 637.3173217773438, 584.8703002929688, 525.9293823242188, 466.51451110839844, 415.8879852294922, 366.3755798339844, 334.1712341308594, 289.5380554199219, 258.75506591796875, 234.1106719970703, 209.5697479248047, 193.5997772216797, 180.86051177978516, 170.29115295410156, 161.98275756835938, 153.73314666748047, 146.38964080810547, 139.41842651367188, 134.63613891601562, 125.39112854003906, 119.6087646484375, 113.52368927001953, 107.45931243896484, 104.47200393676758, 101.87083435058594, 97.49834442138672, 91.96111297607422, 87.8271598815918, 81.81697845458984, 81.98581314086914, 76.97725677490234, 73.88497161865234, 69.84691619873047, 67.5590591430664, 63.93653678894043, 60.5827751159668, 59.06887435913086, 56.440181732177734, 54.98128890991211, 52.02051544189453, 49.57998275756836, 47.339094161987305, 47.005714416503906, 44.79380798339844, 43.661312103271484, 41.68099594116211, 39.853607177734375, 39.062171936035156, 37.62309646606445, 35.68646049499512, 34.91086196899414, 34.19357872009277, 33.36178779602051, 33.02103233337402, 30.772082328796387, 29.567458152770996, 28.804182052612305, 28.45079803466797, 27.93000602722168, 27.095728874206543, 26.762065887451172, 25.760889053344727, 24.683722496032715, 24.806254386901855, 23.611868858337402, 22.95576000213623, 23.013690948486328, 21.480985641479492, 20.795279502868652, 20.976320266723633, 20.163058280944824], "rho_p84": [3769953.5299999984, 1512221.8650000002, 727287.5624999999, 359631.2475, 125664.40906249991, 31840.1559375, 7832.0192578125, 4062.9074414062484, 3112.34330078125, 2601.1686523437497, 2172.9178027343746, 1963.6441650390625, 1757.1531933593747, 1643.9150537109374, 1562.268193359375, 1477.1068457031251, 1427.5784277343746, 1403.985961914062, 1388.2710107421874, 1351.6494921874998, 1314.7520654296875, 1280.033955078125, 1256.4655859375, 1232.6856005859374, 1204.0567529296875, 1181.5186718749999, 1157.2979541015623, 1111.7515625, 1055.8788671875, 967.04779296875, 890.3118286132812, 815.433876953125, 733.232783203125, 648.8327319335938, 602.1822436523438, 533.6535668945312, 482.5494873046875, 436.85848754882807, 388.2837109375, 365.1915979003906, 337.28856567382815, 314.92161743164064, 293.50664306640624, 278.41847900390627, 262.7229907226563, 257.7538793945313, 254.54361877441406, 241.4545104980469, 232.90701110839845, 222.90624694824214, 221.28574401855465, 215.62429748535155, 216.40034057617186, 214.53472656249997, 202.46245117187487, 198.08313964843748, 192.56198608398432, 188.92396423339838, 184.00716247558594, 176.75217224121084, 177.08993957519527, 170.11594238281242, 162.62769958496096, 160.47807617187502, 154.896060180664, 145.61486267089845, 146.27791015625002, 137.96356628417968, 135.60257263183584, 137.52000793457032, 127.40614135742186, 125.24738311767575, 120.291344909668, 122.17931823730468, 113.76645111083984, 108.47820709228513, 106.54567901611325, 105.57340209960938, 100.8748681640625, 100.71403717041012, 95.6302490234375, 95.39820861816408, 93.46135314941401, 90.71475646972648, 92.07042694091797, 87.95741241455077, 89.53865417480459, 89.29361724853516, 88.15393920898435, 85.51683959960936, 85.21723266601562, 84.22132080078126, 82.25847106933593, 78.60744049072262, 78.29368103027342, 78.42655792236326, 75.61803161621094, 73.76236846923828, 72.22350616455077, 69.60019836425778],