{"SnapshotNumber": 127, "radii": [5.0, 15.0, 25.0, 35.0, 45.0, 55.0, 65.0, 75.0, 85.0, 95.0, 105.0, 115.0, 125.0, 135.0, 145.0, 155.0, 165.0, 175.0, 185.0, 195.0, 205.0, 215.0, 225.0, 235.0, 245.0, 255.0, 265.0, 275.0, 285.0, 295.0, 305.0, 315.0, 325.0, 335.0, 345.0, 355.0, 365.0, 375.0, 385.0, 395.0, 405.0, 415.0, 425.0, 435.0, 445.0, 455.0, 465.0, 475.0, 485.0, 495.0, 505.0, 515.0, 525.0, 535.0, 545.0, 555.0, 565.0, 575.0, 585.0, 595.0, 605.0, 615.0, 625.0, 635.0, 645.0, 655.0, 665.0, 675.0, 685.0, 695.0, 705.0, 715.0, 725.0, 735.0, 745.0, 755.0, 765.0, 775.0, 785.0, 795.0, 805.0, 815.0, 825.0, 835.0, 845.0, 855.0, 865.0, 875.0, 885.0, 895.0, 905.0, 915.0, 925.0, 935.0, 945.0, 955.0, 965.0, 975.0, 985.0, 995.0], "rho_p16": [326092.93125, 77378.8525, 36702.1178125, 14153.904257812499, 5806.5185546875, 3305.0269921875, 2109.691044921875, 1788.617265625, 1630.1867919921874, 1387.0515478515624, 1122.5231201171875, 997.3821850585938, 832.19705078125, 705.665380859375, 621.8703955078125, 543.0349536132812, 480.21351806640627, 429.70674194335936, 379.9265771484375, 345.36453735351563, 307.19105712890627, 281.2949890136719, 254.33946594238282, 231.07999206542968, 214.51414611816406, 196.97208740234376, 179.7689440917969, 171.99329162597655, 158.59432189941407, 147.98422973632813, 140.5979803466797, 134.38134643554687, 125.60728607177734, 121.09921081542969, 114.28291961669922, 111.34475555419922, 106.4060287475586, 101.2121890258789, 96.95182647705079, 89.61337646484375, 84.22715911865235, 79.84198150634765, 72.89164642333985, 71.7598959350586, 64.70416625976563, 59.395181274414064, 51.15828414916993, 43.35091842651367, 42.90875305175781, 36.20357223510742, 33.71559448242188, 32.09558181762695, 31.43120658874512, 30.368184280395507, 28.277845001220705, 26.730991134643556, 25.761742019653322, 24.97396049499512, 23.643556900024414, 23.236921310424805, 21.553655166625976, 21.007628021240233, 20.592034301757813, 19.730499801635744, 18.958901443481444, 18.30498680114746, 17.574146728515625, 16.86182586669922, 15.767583656311036, 15.492779731750488, 15.168447113037109, 14.66236457824707, 14.427652626037597, 13.946779327392578, 13.521078453063964, 13.369340438842773, 12.651773834228516, 12.486340789794923, 12.092795181274415, 11.499872856140136, 11.409686851501466, 11.057175788879395, 10.927743644714356, 10.537256813049316, 10.335849990844727, 9.944409408569335, 9.761334228515624, 9.449215621948243, 9.114105987548829, 9.092958068847656, 8.810119247436523, 8.700986289978028, 8.523850898742676, 8.38291576385498, 8.242380828857423, 7.926673412322998, 7.746556949615479, 7.6517626953125, 7.571363544464111, 7.444559268951416], "rho_med": [1267126.6875, 338746.0625, 109484.97265625, 41292.380859375, 14106.896484375, 6916.2236328125, 4593.078125, 3574.7847900390625, 3011.80322265625, 2573.3388671875, 2173.506103515625, 1919.6417236328125, 1557.8995361328125, 1342.7296142578125, 1168.9962158203125, 1035.011474609375, 915.996337890625, 823.732666015625, 743.4862976074219, 659.7777099609375, 584.6293334960938, 516.8276062011719, 477.15919494628906, 433.7433166503906, 394.554443359375, 359.5184326171875, 334.7247009277344, 315.6900634765625, 289.7696533203125, 272.61492919921875, 252.36231994628906, 245.72232818603516, 232.7650375366211, 224.89212799072266, 213.38014221191406, 205.0846405029297, 200.535400390625, 194.5318374633789, 187.2151336669922, 180.85592651367188, 176.94416046142578, 168.83077239990234, 160.3699493408203, 151.35476684570312, 139.93209838867188, 140.45557403564453, 128.59591674804688, 121.68359375, 116.44368743896484, 107.75310516357422, 101.29734802246094, 95.97442626953125, 88.07212829589844, 81.35791015625, 78.26349258422852, 73.66337203979492, 72.98429870605469, 70.18585205078125, 65.99970626831055, 66.15375900268555, 60.41099166870117, 58.367244720458984, 57.765363693237305, 55.341434478759766, 54.4239387512207, 51.52095985412598, 49.495845794677734, 47.51980209350586, 46.34512138366699, 44.29549980163574, 42.785926818847656, 39.66264343261719, 37.664167404174805, 37.833059310913086, 37.293670654296875, 36.00349044799805, 33.79170608520508, 33.39277648925781, 32.48879814147949, 30.8521728515625, 30.333555221557617, 30.45636749267578, 29.74462127685547, 26.964092254638672, 27.20396614074707, 26.686880111694336, 25.963501930236816, 25.716747283935547, 25.073646545410156, 23.4363431930542, 23.721217155456543, 23.313474655151367, 23.04037857055664, 22.922224044799805, 20.982635498046875, 21.56020164489746, 21.03813362121582, 20.644027709960938, 20.131038665771484, 19.508628845214844], "rho_p84": [9740709.800000003, 1553759.755, 282445.3325, 109630.64093750001, 47721.31640624997, 17539.69687499999, 9501.153984375, 7081.9216015625, 5814.860390625, 4789.91986328125, 3959.30927734375, 3149.0485449218745, 2691.532705078125, 2320.6901367187506, 1975.7287109375, 1746.21873046875, 1592.30443359375, 1446.2481787109373, 1288.3209033203125, 1112.6532275390625, 984.7913061523434, 897.1291040039061, 839.6078759765625, 758.7938598632813, 693.7868774414063, 615.8481542968749, 576.2590893554687, 538.55076171875, 501.34657348632817, 466.22949340820304, 438.97061401367176, 407.0452465820312, 388.757080078125, 373.0150219726563, 350.9312536621093, 340.2516418457031, 334.2027709960937, 326.1129846191406, 314.3880126953125, 311.00389770507815, 301.37819580078127, 287.8772338867187, 284.3689282226562, 278.99389892578125, 276.5734545898438, 262.95566406249986, 260.45565307617187, 249.49067565917957, 243.91048339843746, 239.33260253906246, 237.9353607177734, 230.36483642578108, 224.58300781249994, 216.89971252441407, 207.73658447265626, 196.05947021484374, 190.12740783691402, 183.95712158203122, 179.0398626708985, 174.74575805664062, 164.49800659179675, 157.8502947998047, 156.5540478515625, 147.42858947753905, 144.16247680664063, 140.66730346679685, 141.0783337402344, 132.33979125976563, 134.5708465576171, 129.7302960205077, 125.91227355957032, 125.30077667236323, 122.40873443603515, 116.07411041259753, 120.7592266845703, 119.24039367675778, 112.72537780761719, 113.2639517211914, 111.76743560791013, 105.95574859619137, 105.99386352539062, 103.63106964111327, 109.23473052978515, 104.76714019775385, 99.93823242187487, 102.09791137695312, 96.83830993652344, 97.3863403320312, 92.0047393798828, 89.35342712402341, 88.57388610839841, 87.68303833007812, 85.82628326416015, 85.53115936279296, 83.9313638305664, 83.74335021972655, 79.77725372314453, 79.75227508544923, 74.78713989257812, 74.84916870117188],