{"SnapshotNumber": 127, "radii": [5.0, 15.0, 25.0, 35.0, 45.0, 55.0, 65.0, 75.0, 85.0, 95.0, 105.0, 115.0, 125.0, 135.0, 145.0, 155.0, 165.0, 175.0, 185.0, 195.0, 205.0, 215.0, 225.0, 235.0, 245.0, 255.0, 265.0, 275.0, 285.0, 295.0, 305.0, 315.0, 325.0, 335.0, 345.0, 355.0, 365.0, 375.0, 385.0, 395.0, 405.0, 415.0, 425.0, 435.0, 445.0, 455.0, 465.0, 475.0, 485.0, 495.0, 505.0, 515.0, 525.0, 535.0, 545.0, 555.0, 565.0, 575.0, 585.0, 595.0, 605.0, 615.0, 625.0, 635.0, 645.0, 655.0, 665.0, 675.0, 685.0, 695.0, 705.0, 715.0, 725.0, 735.0, 745.0, 755.0, 765.0, 775.0, 785.0, 795.0, 805.0, 815.0, 825.0, 835.0, 845.0, 855.0, 865.0, 875.0, 885.0, 895.0, 905.0, 915.0, 925.0, 935.0, 945.0, 955.0, 965.0, 975.0, 985.0, 995.0], "rho_p16": [322150.0025, 81839.530625, 38210.17921875, 14156.998437500002, 5794.241308593751, 3309.58447265625, 2302.34337890625, 1860.0148925781252, 1620.4269726562502, 1297.38626953125, 1137.3367041015624, 975.9786987304688, 820.543193359375, 712.805966796875, 630.6510620117188, 550.95359375, 487.4231811523438, 428.33221557617185, 382.1035498046875, 345.33510620117187, 309.0064697265625, 284.7447924804688, 257.8472937011719, 232.8123516845703, 212.59609985351562, 198.85323486328124, 188.77813842773438, 171.96925720214844, 155.41885009765625, 146.72146118164062, 138.73986572265625, 132.46321838378907, 126.90295135498047, 122.10134429931641, 115.21852569580078, 112.72946319580078, 106.35682678222656, 102.6953076171875, 94.45310699462891, 92.93046356201172, 84.86512115478516, 80.12031524658204, 72.66778503417969, 69.77512786865235, 61.787767791748045, 60.0241471862793, 48.826589813232424, 44.63842926025391, 42.47969741821289, 36.365692138671875, 34.30436080932617, 32.46987686157227, 32.00389190673828, 30.09933723449707, 28.555457992553713, 26.715706100463866, 25.150172576904296, 24.88293731689453, 23.328864288330077, 23.260486221313478, 21.751405944824217, 21.63314567565918, 20.319131240844726, 19.512600860595704, 18.911448287963868, 17.99733200073242, 17.54344940185547, 16.72538764953613, 15.96347110748291, 15.78534812927246, 15.339186096191407, 15.039360237121583, 14.50469223022461, 13.95591033935547, 13.620589981079101, 13.249436111450196, 12.731565055847168, 12.273939056396484, 12.306729583740236, 11.729645729064941, 11.488972129821777, 11.222541236877442, 10.988146934509277, 10.596739807128905, 10.185706901550294, 10.05297836303711, 9.882677459716797, 9.49021484375, 9.196424903869628, 9.219356880187988, 8.834979972839356, 8.867768936157226, 8.45163860321045, 8.325424194335938, 8.263489990234374, 8.102192878723145, 7.704697914123535, 7.595988903045654, 7.472575759887695, 7.301995754241943], "rho_med": [1226435.875, 340412.15625, 108078.28125, 41241.748046875, 14293.6884765625, 6914.393310546875, 4554.435302734375, 3590.861572265625, 3034.5745849609375, 2594.625, 2201.87646484375, 1907.572509765625, 1556.0587158203125, 1337.9852905273438, 1155.3358764648438, 1017.8259887695312, 922.6480102539062, 833.6810302734375, 732.8519287109375, 655.5709838867188, 576.8761291503906, 518.2463684082031, 478.2648468017578, 425.2178039550781, 391.40582275390625, 368.7846984863281, 339.5256805419922, 314.3754119873047, 286.9819641113281, 272.4229431152344, 257.02978515625, 244.88660430908203, 231.16082763671875, 221.30535125732422, 213.52243041992188, 204.9020538330078, 201.16078186035156, 196.66351318359375, 186.96219635009766, 181.6732635498047, 173.63438415527344, 166.44395446777344, 160.0516357421875, 153.1212921142578, 143.39440155029297, 137.03514099121094, 128.79931640625, 123.76190948486328, 116.17828369140625, 106.93892288208008, 101.52096557617188, 94.66762161254883, 90.7083969116211, 82.31704711914062, 80.02360534667969, 74.51642608642578, 74.14901351928711, 69.55659103393555, 64.81525802612305, 65.78460311889648, 60.745553970336914, 60.04673957824707, 57.221330642700195, 57.64858436584473, 54.29418754577637, 51.6651496887207, 50.03778076171875, 47.84628677368164, 45.7996711730957, 44.01534652709961, 42.29876899719238, 41.756526947021484, 38.82064247131348, 37.57320022583008, 36.102827072143555, 34.17118263244629, 34.07260704040527, 33.83832550048828, 32.30633735656738, 31.36254119873047, 31.063262939453125, 29.143844604492188, 30.10201644897461, 28.605039596557617, 27.216280937194824, 26.88618278503418, 26.447406768798828, 25.708608627319336, 24.422582626342773, 23.551024436950684, 24.319482803344727, 23.631443977355957, 22.652737617492676, 23.018795013427734, 21.68428325653076, 21.97421169281006, 20.95387840270996, 20.163087844848633, 19.725982666015625, 20.328168869018555], "rho_p84": [9865157.52, 1582456.57, 281530.275, 108279.5234375, 47461.31093749996, 17549.72171875, 9338.5926171875, 7023.4084375, 5749.123789062499, 4931.9697265625, 3884.6813476562497, 3211.336181640625, 2658.848984375, 2304.24427734375, 1981.935302734375, 1779.4690087890624, 1576.7388427734375, 1450.613134765625, 1290.73919921875, 1132.29322265625, 991.3731201171875, 890.8212426757813, 835.9836401367181, 768.0289916992183, 686.7657592773437, 615.0560717773437, 578.815537109375, 537.5477709960936, 505.74808837890606, 471.80570434570313, 436.88526245117185, 411.8608825683593, 390.0324780273437, 368.23412231445315, 351.5958557128906, 340.9120202636718, 333.2449035644531, 323.6319689941406, 313.8126293945313, 306.1438842773438, 300.84673828124994, 287.6328564453124, 286.54707885742187, 274.78914184570306, 270.4375610351562, 266.0623413085938, 255.45118896484374, 254.65288696289045, 243.90388732910156, 239.84683227539062, 239.31190002441406, 234.74873352050773, 227.6764013671875, 213.73875732421874, 208.67964233398436, 199.79767150878908, 189.96541320800782, 184.5413690185547, 177.68340454101562, 177.93709106445306, 163.95151916503903, 156.61119750976567, 153.93990600585937, 149.86098083496069, 144.86860168457034, 141.7758819580078, 143.0888049316406, 133.95319641113272, 131.20869384765626, 128.9234259033203, 123.33609863281251, 129.1293212890625, 124.60371459960929, 118.20245819091795, 121.09288116455077, 119.67900756835938, 113.41541473388672, 109.71754699707031, 111.79266754150392, 109.85529327392578, 107.61842987060548, 106.01869873046866, 105.24212158203125, 101.76866302490234, 99.364060974121, 97.2033969116211, 96.8004379272461, 95.22007263183595, 92.32740295410156, 92.80077026367182, 90.25393981933587, 87.75538391113281, 84.76072845458984, 86.33996459960933, 81.77082489013671, 82.7708236694336, 78.23388732910156, 77.05324645996092, 74.56195220947262, 74.80891418457031],