{"SnapshotNumber": 127, "radii": [5.0, 15.0, 25.0, 35.0, 45.0, 55.0, 65.0, 75.0, 85.0, 95.0, 105.0, 115.0, 125.0, 135.0, 145.0, 155.0, 165.0, 175.0, 185.0, 195.0, 205.0, 215.0, 225.0, 235.0, 245.0, 255.0, 265.0, 275.0, 285.0, 295.0, 305.0, 315.0, 325.0, 335.0, 345.0, 355.0, 365.0, 375.0, 385.0, 395.0, 405.0, 415.0, 425.0, 435.0, 445.0, 455.0, 465.0, 475.0, 485.0, 495.0, 505.0, 515.0, 525.0, 535.0, 545.0, 555.0, 565.0, 575.0, 585.0, 595.0, 605.0, 615.0, 625.0, 635.0, 645.0, 655.0, 665.0, 675.0, 685.0, 695.0, 705.0, 715.0, 725.0, 735.0, 745.0, 755.0, 765.0, 775.0, 785.0, 795.0, 805.0, 815.0, 825.0, 835.0, 845.0, 855.0, 865.0, 875.0, 885.0, 895.0, 905.0, 915.0, 925.0, 935.0, 945.0, 955.0, 965.0, 975.0, 985.0, 995.0], "rho_p16": [292585.2975, 45669.70328125, 19366.782421875, 11251.6559375, 7114.449492187501, 4394.5245703125, 3015.03400390625, 2241.736474609375, 1761.5370361328125, 1438.7766650390624, 1122.9557177734375, 952.1548510742188, 852.2757373046875, 760.6656494140625, 701.3552294921875, 662.9340966796875, 619.9380786132813, 595.4772705078125, 543.1301049804688, 523.0877026367187, 492.69489135742185, 458.3212927246094, 438.53593383789064, 411.5590808105469, 391.16884521484377, 360.54864379882815, 346.3607177734375, 326.0546569824219, 302.4643835449219, 282.08349609375, 253.85843383789063, 237.21544738769532, 215.82053833007814, 199.59746337890627, 182.97400817871093, 169.51583740234375, 161.00702392578125, 143.8328826904297, 139.69110290527345, 128.72416992187502, 116.43900085449218, 108.70961273193359, 96.03276824951172, 91.29209411621093, 82.92968048095703, 77.90135772705078, 68.69595092773437, 64.01922454833985, 60.123279876708985, 56.11127502441406, 53.96687316894531, 48.495818328857425, 46.663358459472654, 44.04328079223633, 40.338322753906255, 38.20072479248047, 38.26206298828125, 29.373046951293947, 30.44919807434082, 32.82637481689453, 27.35219909667969, 27.13648223876953, 24.507062911987305, 22.519611892700194, 22.16086669921875, 20.119843673706054, 19.777267684936525, 18.209738540649415, 17.988099517822267, 17.136089630126953, 16.41080108642578, 15.460604858398439, 14.780005912780762, 14.651789474487305, 14.187085990905763, 14.33883373260498, 13.101418495178223, 12.742703971862793, 12.168890914916993, 11.90613639831543, 11.565079078674316, 11.418693161010742, 11.152731590270996, 10.840609588623046, 10.34808650970459, 10.291565132141113, 9.986568641662597, 9.791577224731446, 9.346201591491699, 9.054781951904298, 8.926622161865234, 8.64989601135254, 8.59991397857666, 8.239014167785644, 8.268057403564454, 7.800954151153564, 7.757174110412597, 7.5102201461792, 7.427308521270752, 7.174951839447021], "rho_med": [1019800.28125, 168136.3125, 61790.12109375, 36583.69921875, 19405.453125, 9769.5751953125, 5918.55126953125, 4113.507568359375, 3164.918701171875, 2536.42919921875, 1970.419921875, 1614.7755126953125, 1410.425537109375, 1253.9229125976562, 1153.0015869140625, 1093.1851806640625, 1013.7638549804688, 929.9210815429688, 881.6558227539062, 825.2201538085938, 777.7144165039062, 732.1002807617188, 681.8724365234375, 635.4375915527344, 611.6192626953125, 569.9638671875, 541.5947265625, 503.1639709472656, 472.41114807128906, 450.083984375, 411.7630310058594, 392.8564147949219, 358.0587158203125, 327.93280029296875, 308.96563720703125, 289.7060546875, 272.6518859863281, 252.02764129638672, 234.0921630859375, 224.99015045166016, 206.928955078125, 196.38697814941406, 184.10708618164062, 173.1549301147461, 157.8091583251953, 145.98960876464844, 136.07141876220703, 128.72286987304688, 117.49919891357422, 113.81290435791016, 106.50732421875, 99.54993438720703, 93.87914276123047, 90.97385787963867, 83.16716003417969, 82.99224853515625, 77.11942291259766, 73.68199157714844, 70.59830093383789, 68.19380950927734, 63.31688690185547, 62.62350845336914, 58.80189895629883, 56.48750305175781, 54.8147087097168, 50.37924003601074, 48.5389518737793, 47.167137145996094, 44.41583251953125, 43.438270568847656, 41.472938537597656, 41.055904388427734, 39.2418098449707, 38.014339447021484, 36.343759536743164, 35.57504653930664, 33.3082389831543, 33.013545989990234, 31.54086399078369, 31.051079750061035, 30.593015670776367, 30.51163101196289, 28.175771713256836, 28.826005935668945, 27.138070106506348, 25.65329933166504, 25.74287986755371, 25.297101974487305, 24.1313533782959, 22.82187843322754, 23.641525268554688, 22.809444427490234, 21.610965728759766, 21.291451454162598, 20.37476348876953, 20.072858810424805, 19.102079391479492, 19.022104263305664, 18.601333618164062, 17.321436882019043], "rho_p84": [6261977.74, 1395932.6600000004, 454034.02499999985, 216720.78812500002, 87982.1078125, 37112.31734374999, 17971.44796874999, 8655.503203125, 5793.685058593749, 4516.65361328125, 3541.87513671875, 2795.696083984375, 2382.6349999999998, 2123.6962402343747, 1887.0612158203123, 1698.9798583984375, 1544.7493603515625, 1447.6595751953125, 1360.427392578125, 1271.8122607421874, 1184.729296875, 1090.5208984375, 1024.831611328125, 945.1040942382813, 877.852822265625, 831.6741577148437, 784.8711865234375, 739.6263916015624, 708.7954028320312, 676.8590649414062, 649.1160546875, 618.4016577148437, 580.7081982421876, 540.8476049804688, 514.4357690429687, 482.7275512695313, 458.00261352539076, 439.2071801757812, 423.36626953125, 406.7971887207031, 386.37429077148437, 378.567333984375, 359.0277099609375, 355.36250366210936, 327.7484777832031, 327.23782592773415, 313.51372436523434, 295.1910034179686, 282.0204113769531, 274.05728515624975, 255.6833679199218, 239.44574279785147, 232.90214965820311, 218.86563720703103, 207.39921569824216, 197.26140441894526, 200.05999084472657, 196.02209167480459, 182.6212030029297, 184.58607177734373, 177.12504150390626, 169.23943481445312, 165.7003479003906, 164.30408630371093, 157.54724731445307, 148.79307861328144, 141.48830688476556, 137.85984069824218, 135.66784545898437, 132.82141540527343, 129.0570385742187, 123.45478973388676, 128.6735748291015, 116.75409851074203, 119.12611175537103, 117.38362396240231, 108.09767150878906, 108.44856140136709, 103.53373474121098, 101.2987350463867, 100.84943420410157, 93.63671997070313, 89.23387725830077, 90.70841491699221, 85.10494415283202, 83.91738433837887, 85.23098785400377, 82.94868286132811, 78.38465270996093, 76.71711975097655, 75.51206542968751, 70.83014556884766, 65.46233978271486, 66.53983001708983, 67.07345825195313, 64.24225311279297, 62.39366363525391, 60.86264007568359, 61.38441986083984, 59.20154800415039],