{"SnapshotNumber": 127, "radii": [5.0, 15.0, 25.0, 35.0, 45.0, 55.0, 65.0, 75.0, 85.0, 95.0, 105.0, 115.0, 125.0, 135.0, 145.0, 155.0, 165.0, 175.0, 185.0, 195.0, 205.0, 215.0, 225.0, 235.0, 245.0, 255.0, 265.0, 275.0, 285.0, 295.0, 305.0, 315.0, 325.0, 335.0, 345.0, 355.0, 365.0, 375.0, 385.0, 395.0, 405.0, 415.0, 425.0, 435.0, 445.0, 455.0, 465.0, 475.0, 485.0, 495.0, 505.0, 515.0, 525.0, 535.0, 545.0, 555.0, 565.0, 575.0, 585.0, 595.0, 605.0, 615.0, 625.0, 635.0, 645.0, 655.0, 665.0, 675.0, 685.0, 695.0, 705.0, 715.0, 725.0, 735.0, 745.0, 755.0, 765.0, 775.0, 785.0, 795.0, 805.0, 815.0, 825.0, 835.0, 845.0, 855.0, 865.0, 875.0, 885.0, 895.0, 905.0, 915.0, 925.0, 935.0, 945.0, 955.0, 965.0, 975.0, 985.0, 995.0], "rho_p16": [295790.54625, 45267.16609375, 19441.853671875, 11248.08515625, 7063.010234375, 4430.9267578125, 3081.1215625, 2202.5865625, 1761.597998046875, 1390.2491015625, 1114.2375048828126, 947.1806884765625, 845.876943359375, 758.88607421875, 695.1150390625, 672.5625659179688, 629.9387744140626, 593.184677734375, 552.3570068359375, 518.8183471679688, 489.22221923828124, 459.010078125, 439.79240356445314, 412.62731201171874, 390.19200927734374, 368.16009765625, 343.3823889160156, 328.9378234863281, 301.72557373046874, 281.82798950195314, 254.42778015136722, 238.75089538574218, 220.6054553222656, 198.91313598632811, 189.15209350585937, 170.65174072265626, 161.10326232910157, 147.29897399902345, 139.55496765136718, 130.4336669921875, 118.68217193603516, 112.56228942871094, 102.14966003417969, 92.19445953369141, 81.91178283691406, 77.80318450927734, 68.1385693359375, 64.28073852539063, 60.16346954345703, 56.72058212280273, 52.62467956542969, 49.67580612182617, 47.33805160522461, 44.548971557617186, 40.360633544921875, 38.603760986328126, 35.66145080566407, 32.55525131225586, 30.212116241455078, 31.973325271606452, 27.82913734436035, 27.493999938964844, 23.916363601684573, 21.955690002441408, 22.983091049194332, 19.509684371948243, 19.547646713256835, 18.21397285461426, 18.350418853759766, 16.90967803955078, 16.22488739013672, 15.507372550964355, 14.991528701782228, 14.676554489135743, 13.89468002319336, 13.657880401611328, 13.056887130737305, 12.757641410827638, 12.722398376464843, 11.98176986694336, 11.790551567077637, 11.687316017150877, 11.148511466979981, 10.897899208068848, 10.184514961242677, 10.170932235717773, 9.750807418823243, 9.661451072692872, 9.221137199401856, 9.131255798339843, 8.763708648681641, 8.640858001708985, 8.470785140991211, 8.189516067504883, 8.019472351074219, 7.857051811218262, 7.670055675506592, 7.354589595794677, 7.537947807312012, 7.286997985839844], "rho_med": [1007039.875, 161946.25, 62022.19921875, 36348.07421875, 19060.1328125, 9897.8359375, 5926.7607421875, 4139.8095703125, 3154.771728515625, 2576.2685546875, 1983.7442626953125, 1606.1385498046875, 1406.508544921875, 1266.8675537109375, 1160.10498046875, 1074.714599609375, 1000.0358581542969, 944.9281616210938, 886.847900390625, 829.725341796875, 781.8807678222656, 730.57958984375, 691.0910034179688, 646.6366577148438, 609.724853515625, 571.244384765625, 537.8635864257812, 504.4708251953125, 475.3194885253906, 447.506103515625, 415.36151123046875, 388.7979431152344, 356.7390899658203, 331.2525177001953, 305.7751770019531, 289.9429931640625, 272.99884033203125, 252.02943420410156, 236.77676391601562, 225.24230194091797, 206.49778747558594, 197.48255157470703, 183.0191192626953, 171.87033081054688, 157.11949157714844, 147.48219299316406, 136.94090270996094, 127.34274673461914, 121.45980072021484, 113.98056030273438, 107.88370895385742, 99.12143325805664, 94.99864959716797, 90.15056991577148, 85.14667892456055, 82.35126495361328, 76.28322219848633, 73.14607238769531, 70.11515808105469, 68.3497200012207, 62.83926582336426, 62.09844207763672, 59.37190628051758, 56.08111572265625, 55.202392578125, 49.98738670349121, 49.112037658691406, 46.592323303222656, 45.48696517944336, 43.68563461303711, 41.57603073120117, 40.372642517089844, 39.48506736755371, 38.749210357666016, 35.900489807128906, 35.75705146789551, 33.75088691711426, 33.189409255981445, 31.994901657104492, 31.469839096069336, 31.268195152282715, 29.934219360351562, 28.31651496887207, 28.91439914703369, 26.945505142211914, 26.17194175720215, 25.066844940185547, 25.133146286010742, 25.263667106628418, 23.184734344482422, 23.515548706054688, 22.75943088531494, 21.850502014160156, 20.494152069091797, 20.583701133728027, 20.595867156982422, 19.358808517456055, 18.372631072998047, 18.769216537475586, 17.869714736938477], "rho_p84": [6230674.16, 1367221.615, 429557.50625000015, 216520.7231249999, 88287.62218749982, 38241.65531250001, 17571.700859375, 8696.1375, 5723.487929687499, 4476.42443359375, 3459.3573828125, 2705.9106445312495, 2338.9802441406246, 2108.008388671875, 1858.52548828125, 1701.4625634765625, 1526.8953759765623, 1448.1168896484362, 1364.9364013671877, 1255.5210693359375, 1177.2305908203123, 1085.8804638671875, 1022.1250854492188, 930.8465893554687, 876.326708984375, 829.7897583007812, 801.7392504882812, 733.9225463867188, 700.0533813476562, 682.8521215820313, 649.8229614257813, 615.6441772460937, 582.6666430664062, 544.6795605468748, 505.1691845703125, 489.7107348632814, 452.97187011718734, 435.6382836914062, 423.4782275390624, 406.78921020507806, 383.05120361328113, 378.78003295898435, 358.74719360351565, 358.625029296875, 329.16465454101564, 323.09683837890617, 313.59419067382754, 294.7096899414062, 278.5363085937501, 277.9395458984374, 258.9243981933594, 235.75956481933596, 226.3426940917969, 220.5356536865234, 211.4719268798828, 204.2781231689453, 196.82099731445314, 194.45143737792975, 183.28768920898438, 185.7377935791014, 174.02929992675777, 170.69194396972645, 160.80692077636715, 159.814541015625, 152.4234765625, 149.5922088623047, 140.76013183593741, 143.12640380859375, 140.42379150390624, 132.5352606201171, 128.65696411132797, 128.1129937744141, 127.43522277832031, 118.34644805908187, 119.57630828857418, 113.19553375244138, 112.33426696777343, 108.245393371582, 104.91341796874998, 99.16304840087889, 98.83743469238281, 93.88097045898438, 90.14048706054687, 89.57004913330076, 86.95291717529292, 82.35291412353514, 83.08514068603513, 79.03987640380859, 76.51286285400391, 74.84700988769528, 73.43546356201172, 68.58777465820312, 68.68376159667969, 68.2148486328125, 66.01482269287109, 63.82983764648437, 62.76536407470702, 60.050321655273436, 60.00786117553711, 58.82503051757812],