{"SnapshotNumber": 127, "radii": [5.0, 15.0, 25.0, 35.0, 45.0, 55.0, 65.0, 75.0, 85.0, 95.0, 105.0, 115.0, 125.0, 135.0, 145.0, 155.0, 165.0, 175.0, 185.0, 195.0, 205.0, 215.0, 225.0, 235.0, 245.0, 255.0, 265.0, 275.0, 285.0, 295.0, 305.0, 315.0, 325.0, 335.0, 345.0, 355.0, 365.0, 375.0, 385.0, 395.0, 405.0, 415.0, 425.0, 435.0, 445.0, 455.0, 465.0, 475.0, 485.0, 495.0, 505.0, 515.0, 525.0, 535.0, 545.0, 555.0, 565.0, 575.0, 585.0, 595.0, 605.0, 615.0, 625.0, 635.0, 645.0, 655.0, 665.0, 675.0, 685.0, 695.0, 705.0, 715.0, 725.0, 735.0, 745.0, 755.0, 765.0, 775.0, 785.0, 795.0, 805.0, 815.0, 825.0, 835.0, 845.0, 855.0, 865.0, 875.0, 885.0, 895.0, 905.0, 915.0, 925.0, 935.0, 945.0, 955.0, 965.0, 975.0, 985.0, 995.0], "rho_p16": [279703.7675, 33325.49234375, 12810.0041015625, 6711.73646484375, 3543.58982421875, 2101.57314453125, 1485.7501708984375, 1145.283564453125, 924.3015771484374, 743.7452490234375, 618.365966796875, 543.3244653320313, 464.26152954101565, 425.95437499999997, 381.34061035156253, 344.40886840820315, 347.0772888183594, 340.72718994140627, 317.84359375, 280.7600036621094, 248.14929443359375, 220.25670837402345, 188.15057373046875, 170.2036315917969, 156.31577758789064, 135.85231750488282, 135.5169140625, 118.43063568115234, 109.58613281250001, 103.68757629394531, 88.3791290283203, 84.6054476928711, 76.96432159423829, 69.29546264648438, 66.82133483886719, 61.53950927734375, 56.82256546020508, 52.7605419921875, 48.67387680053711, 46.91839614868164, 43.32716049194336, 41.90466079711914, 39.127197265625, 37.60858123779297, 36.78725921630859, 34.435817108154296, 32.69050964355469, 31.4968839263916, 30.24409194946289, 28.649044036865234, 27.308825988769534, 26.489561767578124, 25.521369247436525, 24.57300605773926, 23.68372917175293, 22.71788917541504, 21.817647323608398, 21.00000617980957, 20.344737091064452, 19.97520606994629, 18.75547050476074, 18.521402893066405, 17.989874267578127, 17.142585144042968, 17.131204299926758, 15.948052177429199, 16.079902801513672, 15.362136993408203, 14.586110801696778, 14.132263374328613, 13.62714141845703, 13.396284637451172, 13.012997894287109, 12.632229766845702, 12.119676780700683, 11.819096069335938, 11.673136749267579, 11.388173294067382, 10.914753952026366, 10.855290641784668, 10.559659194946288, 10.383589744567871, 9.973455314636231, 9.5869087600708, 9.470768928527832, 9.401440048217774, 9.081338882446289, 8.94586353302002, 8.663818016052247, 8.514999961853027, 8.141904907226563, 8.08953773498535, 7.867462139129639, 7.69248685836792, 7.678377838134766, 7.500111370086669, 7.227960662841797, 7.02995548248291, 6.858103675842285, 6.741920852661133], "rho_med": [984465.125, 118521.515625, 46989.953125, 30389.873046875, 10624.49560546875, 4899.425048828125, 3111.279541015625, 2395.757080078125, 1908.2185668945312, 1535.0499267578125, 1295.5723876953125, 1086.43359375, 939.7608642578125, 826.2950744628906, 764.6392822265625, 690.3319091796875, 638.2188110351562, 601.2669677734375, 562.2959289550781, 507.1705627441406, 456.73480224609375, 404.8141174316406, 373.24200439453125, 336.3104248046875, 306.5340881347656, 275.20867919921875, 260.34666442871094, 245.67666625976562, 229.233154296875, 215.604248046875, 196.27106475830078, 186.30962371826172, 171.71023559570312, 155.00360107421875, 147.8806610107422, 134.1585235595703, 122.72272109985352, 114.11345672607422, 105.22051620483398, 99.25321960449219, 94.19034957885742, 88.64178466796875, 84.04787063598633, 80.09779357910156, 76.92683029174805, 73.5646743774414, 69.25958251953125, 66.61827087402344, 63.50307273864746, 60.25581932067871, 58.058876037597656, 56.8665771484375, 54.98069381713867, 52.569923400878906, 50.052690505981445, 47.832313537597656, 46.53343963623047, 45.78693771362305, 43.892921447753906, 42.55521011352539, 40.93199157714844, 39.43788146972656, 38.99519729614258, 37.70186424255371, 38.28627395629883, 35.43181610107422, 34.47227096557617, 34.14962577819824, 32.4904670715332, 31.0145206451416, 30.392391204833984, 28.917529106140137, 28.006458282470703, 28.825450897216797, 27.702465057373047, 27.000733375549316, 26.202560424804688, 25.776498794555664, 23.726463317871094, 24.71004581451416, 23.729307174682617, 23.776317596435547, 22.549522399902344, 21.602964401245117, 21.92987060546875, 22.358089447021484, 20.930570602416992, 20.839046478271484, 20.4241886138916, 20.55385971069336, 19.894023895263672, 18.41492748260498, 18.591296195983887, 18.39421272277832, 18.181601524353027, 17.38572883605957, 17.14185333251953, 15.949071884155273, 16.47728729248047, 15.053943157196045], "rho_p84": [4138416.69, 1209770.9599999993, 464669.58625, 138203.060625, 41157.644375, 19031.681640624993, 9977.275195312499, 6698.059394531247, 4486.4331640625, 3368.4249218749997, 2545.9012695312485, 2046.5390917968748, 1693.8087304687494, 1511.0036572265626, 1344.944526367187, 1276.6102294921875, 1179.1478027343749, 1041.5061523437498, 956.1246997070313, 838.2425415039061, 781.8944653320312, 706.3508227539058, 651.1964721679688, 587.3308593749999, 533.0419189453124, 493.3531701660157, 462.72060546875, 437.47077392578126, 417.8771179199219, 379.8162048339844, 351.323583984375, 345.78905761718744, 331.0155822753906, 300.12168701171856, 283.8413903808594, 270.065654296875, 250.31518859863277, 235.80880187988282, 219.80767578124997, 206.95618713378903, 192.1461016845703, 184.40936523437497, 179.8552703857422, 165.41773071289066, 158.39137084960936, 155.9309875488281, 153.02162780761716, 141.91676269531249, 139.4876171875, 137.2447247314453, 130.638130493164, 127.51142669677732, 123.95356384277343, 118.62607543945312, 117.06154327392578, 116.00962615966797, 115.87041290283204, 109.58654876708982, 112.59840576171862, 111.22251068115233, 113.57510345458982, 108.52421661376954, 107.06549835205077, 104.69712860107421, 104.2673974609375, 103.95816345214843, 105.750634765625, 105.11976440429689, 101.55391174316404, 97.52721252441405, 96.44368743896482, 98.7824203491211, 90.54091857910156, 87.19038879394532, 91.66456481933592, 90.33939422607425, 87.96508300781248, 89.1384359741211, 84.81373901367185, 89.43043609619136, 84.70995361328123, 88.08001525878906, 80.00505187988281, 81.00668334960933, 78.24532623291016, 82.33094024658197, 80.29534912109374, 77.96927001953125, 80.87683410644532, 78.22212036132805, 79.46811859130858, 79.35485107421876, 77.59230987548827, 78.48914947509765, 78.77221130371093, 77.38198150634763, 77.27170654296876, 73.03306457519531, 72.80063385009764, 67.89729614257809],