{"SnapshotNumber": 127, "radii": [5.0, 15.0, 25.0, 35.0, 45.0, 55.0, 65.0, 75.0, 85.0, 95.0, 105.0, 115.0, 125.0, 135.0, 145.0, 155.0, 165.0, 175.0, 185.0, 195.0, 205.0, 215.0, 225.0, 235.0, 245.0, 255.0, 265.0, 275.0, 285.0, 295.0, 305.0, 315.0, 325.0, 335.0, 345.0, 355.0, 365.0, 375.0, 385.0, 395.0, 405.0, 415.0, 425.0, 435.0, 445.0, 455.0, 465.0, 475.0, 485.0, 495.0, 505.0, 515.0, 525.0, 535.0, 545.0, 555.0, 565.0, 575.0, 585.0, 595.0, 605.0, 615.0, 625.0, 635.0, 645.0, 655.0, 665.0, 675.0, 685.0, 695.0, 705.0, 715.0, 725.0, 735.0, 745.0, 755.0, 765.0, 775.0, 785.0, 795.0, 805.0, 815.0, 825.0, 835.0, 845.0, 855.0, 865.0, 875.0, 885.0, 895.0, 905.0, 915.0, 925.0, 935.0, 945.0, 955.0, 965.0, 975.0, 985.0, 995.0], "rho_p16": [273839.7325, 33994.224375, 12595.142578125, 6917.91447265625, 3556.0441015625, 2063.008017578125, 1478.9626513671876, 1161.306083984375, 926.5863232421875, 745.1949487304688, 632.9433081054688, 536.8929125976563, 470.72225463867187, 417.72025634765623, 372.51409912109375, 362.7144873046875, 344.07674682617187, 350.7682629394531, 318.37787109375, 289.6650427246094, 253.35013549804688, 220.37221130371094, 204.42116821289062, 168.14683654785156, 156.76598999023437, 132.5021630859375, 125.43483367919922, 120.78561126708985, 107.14256134033204, 99.29693939208984, 88.59057891845703, 84.50662567138671, 76.02357482910156, 72.38913513183594, 66.88278930664063, 61.25986907958984, 56.56231155395508, 53.56721725463867, 49.344459533691406, 46.337620697021485, 43.633530426025395, 42.10023880004883, 38.858648223876955, 37.9342790222168, 36.23857147216797, 34.58065963745117, 33.42535339355469, 32.14830596923828, 30.108959426879885, 28.910894088745117, 26.993495559692384, 26.551508712768555, 25.456806182861328, 24.481236419677735, 23.484488677978515, 22.596820831298828, 21.95349624633789, 21.179227142333986, 20.35979804992676, 19.777830963134765, 18.679306259155272, 18.544944839477537, 17.648799972534178, 17.475031204223633, 16.566813659667968, 15.996939163208008, 15.85906524658203, 15.397918701171875, 14.61219020843506, 14.19518741607666, 13.98079719543457, 13.2214404296875, 13.148461151123048, 12.54693286895752, 12.293546676635742, 11.814939765930175, 11.787558212280274, 11.36228240966797, 10.864880828857421, 10.761910514831543, 10.581124229431152, 10.325009155273438, 10.149517822265626, 9.580690002441406, 9.494381332397461, 9.318268928527832, 9.169149398803711, 8.948864402770996, 8.81893367767334, 8.589626617431641, 8.19728328704834, 7.99392032623291, 7.871580982208252, 7.748982543945313, 7.643067646026611, 7.491611385345459, 7.233859920501709, 7.034614086151123, 6.86628532409668, 6.757072296142578], "rho_med": [943415.6875, 121700.8984375, 46545.43359375, 30052.875, 10338.69921875, 5081.82373046875, 3137.1246337890625, 2395.630126953125, 1925.156005859375, 1563.973388671875, 1272.040283203125, 1079.1854248046875, 938.32666015625, 825.6476440429688, 753.8013305664062, 688.0575866699219, 652.04296875, 603.7806396484375, 563.181640625, 513.4563903808594, 450.91136169433594, 403.4154510498047, 365.5559387207031, 334.5037841796875, 311.0826873779297, 282.6996612548828, 261.658203125, 244.4458999633789, 231.50469207763672, 209.50778198242188, 199.63874053955078, 186.3975830078125, 170.64109802246094, 156.45957946777344, 145.32827758789062, 133.95336151123047, 121.12083435058594, 114.49240493774414, 105.1133804321289, 98.05146026611328, 95.60306930541992, 87.1650619506836, 83.2861328125, 79.37754440307617, 75.70965576171875, 74.11409759521484, 69.6941909790039, 66.74694061279297, 62.593082427978516, 60.573814392089844, 59.65559768676758, 58.255218505859375, 53.554691314697266, 51.9612922668457, 51.247764587402344, 49.52803993225098, 47.94503402709961, 45.97663879394531, 43.849225997924805, 42.6069450378418, 40.569997787475586, 40.18990516662598, 38.17491149902344, 38.3653450012207, 37.194087982177734, 35.772260665893555, 35.06795120239258, 34.17317199707031, 31.946779251098633, 31.564939498901367, 29.99982452392578, 29.922088623046875, 28.878329277038574, 27.950754165649414, 27.543228149414062, 25.592519760131836, 25.416912078857422, 25.414016723632812, 24.4858455657959, 24.36857795715332, 23.960798263549805, 23.88521099090576, 22.841552734375, 21.37842845916748, 22.052080154418945, 21.561174392700195, 20.595794677734375, 21.081618309020996, 20.796527862548828, 19.751665115356445, 18.801453590393066, 18.3939151763916, 19.155858039855957, 18.455496788024902, 18.428491592407227, 16.9031343460083, 17.06836700439453, 16.015939712524414, 16.13109016418457, 15.494016170501709], "rho_p84": [4066246.1199999987, 1224933.179999998, 462710.9562499996, 138290.16062500002, 41740.62593749999, 19106.297812499997, 9769.1994921875, 6512.444687499995, 4400.6097265625, 3376.2728027343746, 2512.4148535156264, 2038.0542431640624, 1712.7121093749997, 1512.2830761718749, 1378.5806884765625, 1280.4467041015625, 1127.0798144531248, 1045.7925146484376, 946.3673486328125, 832.9442651367185, 780.6473706054687, 708.7873559570312, 642.229521484375, 583.3726611328125, 531.5174047851564, 481.08541748046883, 454.0351940917969, 433.23381225585945, 419.4661315917968, 386.2028125, 358.31358642578107, 339.3688024902343, 333.19849853515626, 304.78875244140625, 292.5369897460937, 270.0675036621094, 254.7714843749999, 235.71372436523438, 225.9705200195312, 209.41824096679684, 197.8803649902344, 187.71548522949203, 177.26305419921877, 164.90729553222656, 160.12660339355472, 155.90092590332023, 152.73465026855467, 143.4358654785156, 139.19650085449217, 135.8272998046875, 126.4361260986328, 126.32301788330075, 122.40261840820312, 120.45572357177734, 117.87597076416014, 111.07022094726562, 113.6658917236328, 112.50291839599603, 113.34774475097656, 107.6806298828125, 110.75228698730469, 107.59445648193359, 109.49624542236327, 107.95035369873047, 104.7509338378906, 106.94557159423823, 105.60573913574218, 106.7458267211914, 104.26297607421874, 99.30405242919916, 93.37780395507808, 95.90164672851562, 90.77512176513672, 86.7521435546875, 90.01443481445312, 87.11572784423814, 87.32324707031249, 90.86220062255855, 88.49945709228516, 89.52672302246084, 85.2195532226562, 86.90901306152345, 83.39298431396485, 80.15582885742188, 76.25262756347657, 83.86394470214842, 80.95580291748047, 77.96836944580075, 78.23237915039061, 77.28714691162108, 80.46040496826173, 76.65669250488281, 78.54961547851562, 80.21739624023434, 76.14307861328126, 75.68951263427735, 75.13586212158202, 71.71727752685547, 71.8215194702148, 66.93341491699218],