{"SnapshotNumbers": [50, 51, 52, 53, 54, 55, 56, 57, 58, 59, 60, 61, 62, 63, 64, 65, 66, 67, 68, 69, 70, 71, 72, 73, 74, 75, 76, 77, 78, 79, 80, 81, 82, 83, 84, 85, 86, 87, 88, 89, 90, 91, 92, 93, 94, 95, 96, 97, 98, 99, 100, 101, 102, 103, 104, 105, 106, 107, 108, 109, 110, 111, 112, 113, 114, 115, 116, 117, 118, 119], "SnapshotTimes": [1.6600143869141086, 1.7870610578518569, 1.910374663189027, 2.0566279658005517, 2.1979545826256524, 2.3495344837482337, 2.4942982026932317, 2.648679024181495, 2.7919964070004784, 2.9444522970841254, 3.103679461620113, 3.2503461041698882, 3.4035482502094134, 3.5395210614408477, 3.706074245251531, 3.852039404050016, 4.005330648859183, 4.1380238212264, 4.302863700119068, 4.444078540437954, 4.618010469172704, 4.767519355776625, 4.921821313360232, 5.048501545881991, 5.210902319443069, 5.378187481427072, 5.516742183317032, 5.657151746908872, 5.835657267816712, 5.984925889355137, 6.1314743443417274, 6.288280009550495, 6.441930961431011, 6.60150134785066, 6.767286363666197, 6.891938257577819, 7.058261067482293, 7.230838364822614, 7.363097920077097, 7.541245459552444, 7.6760992541526205, 7.859537305692069, 7.996553509894531, 8.184930564043999, 8.33063774295648, 8.473061122257839, 8.619165545014738, 8.822454757224136, 8.977680498782219, 9.128933347146274, 9.28399281865738, 9.442976215473088, 9.597321544370372, 9.755404100736131, 9.91733399954639, 10.083224987834548, 10.253194588767297, 10.417575859721632, 10.585809115748921, 10.758003408639935, 10.87158675338913, 11.050552250154956, 11.222886201331546, 11.399102192939777, 11.579305643595353, 11.69400588091851, 11.880922573432047, 12.060042487650401, 12.181593952274879], "SnapshotMeanDelay": [1.4549050741225806, 1.6174491334401055, 1.5290831596347942, 1.5273310279969405, 1.5267238384823683, 1.5185886570840215, 1.6314344570822539, 1.98908618140114, 1.6894378750260433, 1.4663064363618536, 1.4986754689649933, 1.210667334420603, 1.7829958361127043, 1.7933584619034888, 1.90297776875294, 2.5561249499884715, 2.7218676746160453, 2.230847763741406, 2.315611677111781, 2.314361926159941, 2.2857360450405912, 2.2084646554235734, 2.0471052379480916, 2.0978520943380627, 2.202298198591584, 2.327675279641921, 2.0965409151102947, 2.0672651894114447, 2.2493259126689105, 3.206921093953471, 3.4383500519971784, 3.07504172850847, 3.3621637336785475, 3.508445107053206, 3.7118963527371345, 4.171806590491593, 4.040808072679647, 3.532895232416233, 2.7742779915415032, 3.2272098325352454, 3.4850903853887782, 3.5572177569869736, 3.573194439874974, 3.438142373502535, 2.5409193187447934, 3.195176859696737, 2.987267491695303, 3.1789816870066363, 3.4802726861395086, 3.1885142361347056, 3.1427796067075655, 3.160489396032811, 3.1686441596382586, 3.01550327347196, 2.810590455298023, 2.701887563379696, 2.8304987857962898, 2.8007850661262803, 2.6383350083904977, 2.518105595647184, 2.3876747046131412, 2.2525076303294664, 2.184698763088643, 1.5790037424215915, 1.412167946979335, 1.7111485498228576, 1.6392726314738695, 1.566650038329727, 1.508141661062313]}