{"SnapshotNumber": 127, "radii": [5.0, 15.0, 25.0, 35.0, 45.0, 55.0, 65.0, 75.0, 85.0, 95.0, 105.0, 115.0, 125.0, 135.0, 145.0, 155.0, 165.0, 175.0, 185.0, 195.0, 205.0, 215.0, 225.0, 235.0, 245.0, 255.0, 265.0, 275.0, 285.0, 295.0, 305.0, 315.0, 325.0, 335.0, 345.0, 355.0, 365.0, 375.0, 385.0, 395.0, 405.0, 415.0, 425.0, 435.0, 445.0, 455.0, 465.0, 475.0, 485.0, 495.0, 505.0, 515.0, 525.0, 535.0, 545.0, 555.0, 565.0, 575.0, 585.0, 595.0, 605.0, 615.0, 625.0, 635.0, 645.0, 655.0, 665.0, 675.0, 685.0, 695.0, 705.0, 715.0, 725.0, 735.0, 745.0, 755.0, 765.0, 775.0, 785.0, 795.0, 805.0, 815.0, 825.0, 835.0, 845.0, 855.0, 865.0, 875.0, 885.0, 895.0, 905.0, 915.0, 925.0, 935.0, 945.0, 955.0, 965.0, 975.0, 985.0, 995.0], "rho_p16": [247665.156875, 46566.37046875, 23350.143671875, 9957.4369921875, 4057.4275585937503, 2173.964609375, 1483.2833544921875, 1181.37791015625, 959.3723315429687, 826.2805590820312, 707.5955322265626, 670.119794921875, 693.42490234375, 637.4015625000001, 600.4415795898437, 555.5754223632812, 510.53325439453124, 460.0721801757813, 436.61116699218746, 402.15813598632815, 399.67620239257815, 379.25424926757813, 348.9751440429688, 337.35670654296877, 315.03923828125, 273.0656677246094, 236.71693969726564, 207.78884826660158, 175.25726928710938, 152.47762145996094, 134.5759014892578, 116.9928350830078, 96.85548400878906, 82.17399078369141, 73.00331634521484, 71.20089172363281, 67.73950958251953, 66.81155090332031, 62.40859909057617, 54.09104934692383, 52.80450286865234, 50.441837310791016, 45.432957305908204, 42.91812911987304, 41.99442825317383, 38.277190399169925, 37.17365646362305, 35.23672500610352, 35.17995986938477, 31.77135192871094, 29.9470401763916, 30.06848434448242, 28.396652603149413, 26.72935363769531, 24.61444694519043, 23.954860000610353, 23.35554000854492, 22.39260498046875, 21.63379409790039, 20.67227119445801, 19.985615463256835, 19.281336975097656, 18.377588958740233, 17.82803123474121, 17.14071762084961, 16.738404235839845, 16.380343551635743, 15.615626754760742, 14.86599811553955, 14.5142728805542, 14.450417137145996, 13.808495712280273, 13.371925163269044, 13.027433128356934, 12.306657600402833, 12.113271713256836, 11.940355377197266, 11.435217323303222, 11.119719390869141, 11.095049476623535, 10.711598968505859, 10.268267250061035, 10.25931552886963, 9.819073295593261, 9.915079307556152, 9.567354164123536, 9.211704444885253, 8.828650932312012, 8.835869140625, 8.44696632385254, 8.513076972961425, 8.226405754089356, 7.983842964172363, 7.779505710601807, 7.709541931152343, 7.421927757263184, 7.515255393981934, 7.204747047424317, 7.010622329711914, 6.932816638946533], "rho_med": [814626.3125, 246625.7578125, 107963.46875, 36423.11328125, 11775.77294921875, 5105.90234375, 2909.121337890625, 2310.384521484375, 1857.6541137695312, 1591.102294921875, 1413.800048828125, 1286.1971435546875, 1188.1793212890625, 1083.6435546875, 981.0057373046875, 931.6146850585938, 850.0069885253906, 787.3428955078125, 745.9852905273438, 708.5977478027344, 684.7421264648438, 640.6739501953125, 602.8309631347656, 564.5128479003906, 525.034912109375, 464.4656066894531, 418.2235412597656, 366.1479034423828, 329.5989074707031, 291.6793212890625, 249.11510467529297, 225.66500854492188, 200.26372528076172, 185.34412384033203, 169.0310287475586, 160.10816955566406, 151.32948303222656, 144.57776641845703, 135.85011291503906, 130.45806121826172, 128.2452850341797, 120.71992492675781, 117.449462890625, 107.16428756713867, 106.15853118896484, 96.66170501708984, 95.50514221191406, 88.61219787597656, 85.28857040405273, 80.793701171875, 78.27767944335938, 74.33749389648438, 70.30461120605469, 68.89015579223633, 63.86431121826172, 62.386404037475586, 57.86578369140625, 56.22422409057617, 52.902944564819336, 51.02997589111328, 49.43622589111328, 47.1878776550293, 42.399269104003906, 42.18912887573242, 40.8559684753418, 38.67140197753906, 38.813682556152344, 37.8488655090332, 35.04073143005371, 35.622596740722656, 34.01740646362305, 32.988529205322266, 31.60196876525879, 31.16878890991211, 29.886083602905273, 29.30126190185547, 28.68842124938965, 26.773162841796875, 26.020392417907715, 26.2131929397583, 26.396920204162598, 24.879748344421387, 23.802183151245117, 23.293150901794434, 23.48426914215088, 22.55455493927002, 21.29265022277832, 20.693838119506836, 21.505125999450684, 20.16964340209961, 19.962669372558594, 19.27367877960205, 18.839394569396973, 17.903573036193848, 18.81513023376465, 18.088951110839844, 18.086071968078613, 16.807421684265137, 16.732160568237305, 16.44423198699951], "rho_p84": [5082021.86, 1658863.685, 302699.3025, 94290.7728125, 36205.77624999999, 14208.624335937502, 6756.376269531246, 4200.87779296875, 3245.9041699218747, 2758.76177734375, 2471.2318359375004, 2152.365751953125, 1913.531103515625, 1762.3918701171874, 1624.4791552734375, 1496.0116113281251, 1348.726220703125, 1214.3592919921875, 1151.0113574218751, 1126.2593749999999, 1093.1907958984375, 1010.4885424804687, 947.4486962890624, 875.9522045898437, 790.4854272460938, 713.8004833984374, 657.4462353515624, 584.4156713867187, 537.5735229492186, 476.5721496582031, 432.78999389648436, 390.218447265625, 361.98492431640625, 337.79872924804687, 313.098935546875, 293.38901000976557, 280.861328125, 275.6757446289062, 272.31211547851564, 266.42151611328126, 272.35638916015625, 260.79315185546875, 258.1542053222655, 249.48530456542957, 251.2610888671875, 243.2054602050781, 231.04006958007812, 237.60052429199214, 232.18437866210942, 224.47317138671883, 224.83837524414062, 224.1726818847653, 210.34076232910147, 204.98947814941408, 198.4270672607422, 200.3466046142578, 192.99360046386715, 185.9414367675779, 186.50739135742185, 180.5870532226562, 166.74445251464843, 167.20858764648435, 159.21902038574217, 155.08836181640623, 146.36815979003904, 142.5364428710937, 140.39853698730468, 139.13561584472657, 134.24774902343745, 134.40206909179682, 133.22338256835937, 129.06240234375, 131.26636535644525, 127.07012512207032, 123.6189987182617, 121.9985916137695, 123.21899505615234, 113.36972137451166, 111.71562774658203, 113.41453857421875, 108.87969970703125, 103.97097015380858, 106.02143585205079, 100.11982818603515, 98.88902069091797, 98.22949584960938, 92.25466766357421, 89.73621490478514, 92.8424230957031, 89.90181213378906, 89.88656921386713, 86.53784545898439, 83.05747253417968, 83.84073028564457, 85.18474121093749, 80.54424713134765, 75.21731262207031, 76.4516110229492, 72.88217681884765, 71.63251708984373],