{"SnapshotNumber": 127, "radii": [5.0, 15.0, 25.0, 35.0, 45.0, 55.0, 65.0, 75.0, 85.0, 95.0, 105.0, 115.0, 125.0, 135.0, 145.0, 155.0, 165.0, 175.0, 185.0, 195.0, 205.0, 215.0, 225.0, 235.0, 245.0, 255.0, 265.0, 275.0, 285.0, 295.0, 305.0, 315.0, 325.0, 335.0, 345.0, 355.0, 365.0, 375.0, 385.0, 395.0, 405.0, 415.0, 425.0, 435.0, 445.0, 455.0, 465.0, 475.0, 485.0, 495.0, 505.0, 515.0, 525.0, 535.0, 545.0, 555.0, 565.0, 575.0, 585.0, 595.0, 605.0, 615.0, 625.0, 635.0, 645.0, 655.0, 665.0, 675.0, 685.0, 695.0, 705.0, 715.0, 725.0, 735.0, 745.0, 755.0, 765.0, 775.0, 785.0, 795.0, 805.0, 815.0, 825.0, 835.0, 845.0, 855.0, 865.0, 875.0, 885.0, 895.0, 905.0, 915.0, 925.0, 935.0, 945.0, 955.0, 965.0, 975.0, 985.0, 995.0], "rho_p16": [252672.35875, 48859.70421875, 24420.45546875, 10279.5081640625, 4080.65349609375, 2093.04583984375, 1505.6784326171876, 1155.6647900390626, 953.291748046875, 819.9444580078125, 727.3730444335938, 658.9992309570313, 675.99345703125, 647.8405322265626, 596.6522631835937, 551.5010888671875, 508.8644958496094, 467.73797607421875, 441.06230590820314, 397.2472546386719, 397.0087524414063, 379.81352172851564, 349.87251708984377, 330.3005090332031, 309.1766162109375, 274.92706787109375, 241.16213134765624, 202.8932733154297, 178.41637573242187, 153.58676452636718, 130.14060424804688, 109.82967010498047, 90.10802551269532, 86.21000183105468, 72.09239654541015, 73.8806900024414, 66.42533111572266, 64.81475067138672, 57.6159912109375, 55.7206607055664, 52.673431854248044, 48.26280502319336, 45.57823013305664, 44.9271662902832, 41.43250228881836, 37.86005401611328, 37.82692443847656, 34.96892318725586, 34.279547119140624, 32.25047256469727, 30.271545867919922, 29.70125473022461, 28.245296478271484, 26.2494474029541, 25.062015533447266, 23.74023864746094, 22.840161514282226, 22.139344100952147, 21.628425674438475, 20.431373291015625, 20.203422775268553, 19.685912704467775, 18.436530838012697, 17.527150344848632, 17.193863296508788, 16.658802490234375, 16.25589324951172, 15.622136306762695, 15.104718360900879, 14.356684837341309, 14.023181076049804, 13.663197784423827, 13.350476379394532, 13.001901779174805, 12.396325569152832, 12.281781005859374, 11.945945053100585, 11.665438461303712, 11.127755088806152, 10.911022720336915, 10.906984367370605, 10.328227043151855, 10.11956871032715, 9.976459350585937, 9.855490074157714, 9.452268676757813, 9.194545402526856, 8.921278953552246, 8.674095726013183, 8.461294403076172, 8.390514373779297, 8.138736991882324, 7.8740983581542965, 7.814305095672608, 7.749882621765137, 7.536624050140381, 7.522034149169922, 7.121016216278076, 6.9250950050354, 7.048672122955322], "rho_med": [802418.125, 244857.859375, 107861.61328125, 36358.51953125, 11990.0478515625, 4984.62451171875, 3001.60400390625, 2297.000244140625, 1883.6400146484375, 1599.5831298828125, 1400.14306640625, 1268.9476318359375, 1181.9110107421875, 1076.5166625976562, 996.4055786132812, 930.8434143066406, 853.3824157714844, 780.6551513671875, 741.523681640625, 697.3736572265625, 685.7220458984375, 646.8346557617188, 600.370849609375, 568.8671569824219, 525.0421752929688, 457.5867919921875, 417.63848876953125, 362.5566711425781, 323.14678955078125, 290.66668701171875, 249.3103256225586, 226.7662582397461, 203.38277435302734, 186.99530792236328, 169.4693145751953, 158.77686309814453, 151.34239196777344, 144.59722900390625, 136.3500518798828, 132.01318359375, 126.38940048217773, 120.22700119018555, 115.79610061645508, 109.10044860839844, 104.19983673095703, 97.15328598022461, 95.08208465576172, 89.40873336791992, 87.26556396484375, 80.95877075195312, 76.53041076660156, 73.61943435668945, 69.77366256713867, 66.5421028137207, 63.96534729003906, 59.4990119934082, 57.980533599853516, 54.95854949951172, 53.13131332397461, 50.23985481262207, 49.75374221801758, 48.18856430053711, 43.874319076538086, 42.58197593688965, 42.24281120300293, 38.38912773132324, 38.87202453613281, 37.44754600524902, 35.641151428222656, 34.22257423400879, 34.19629669189453, 31.93549919128418, 31.96099090576172, 30.94445514678955, 29.246667861938477, 29.902592658996582, 28.301061630249023, 27.61931324005127, 26.227046966552734, 26.025434494018555, 26.308144569396973, 24.23143768310547, 22.571097373962402, 23.091594696044922, 23.35494041442871, 23.175262451171875, 21.540846824645996, 21.45116424560547, 20.584507942199707, 20.776966094970703, 19.45650291442871, 19.22385883331299, 18.271419525146484, 18.033963203430176, 18.607608795166016, 17.922948837280273, 17.703621864318848, 17.29149055480957, 17.08868408203125, 16.642338752746582], "rho_p84": [5072464.619999999, 1650548.6, 303646.24374999997, 93889.205625, 36784.023906249975, 13779.3152734375, 6427.8818945312505, 4248.1503515625, 3291.214599609375, 2792.698974609375, 2499.984257812499, 2189.30642578125, 1908.3620654296878, 1748.766748046875, 1610.9682226562502, 1502.853349609375, 1336.7276123046872, 1234.8714599609375, 1168.9317041015624, 1114.0121777343745, 1091.6064501953126, 1008.3047094726562, 939.7703784179688, 873.3625244140625, 788.5316333007813, 715.4563574218749, 648.372470703125, 585.475849609375, 532.9851025390624, 481.1842956542969, 428.45849121093744, 385.3545886230469, 359.2199755859375, 338.9197741699219, 310.48811645507817, 298.47164184570306, 288.4771301269531, 271.09756469726557, 266.96992187499995, 266.8210729980469, 265.22567260742176, 261.03131103515614, 260.2944384765625, 249.78159118652346, 248.61248046875, 235.9589385986328, 232.51121887207032, 241.81976623535158, 233.79393371582023, 224.0054040527344, 227.3591369628906, 219.5822814941407, 212.1389678955078, 206.65505065917975, 200.58251647949217, 205.11091064453123, 194.11273498535152, 185.31064636230465, 187.89736572265622, 176.29020202636718, 172.83872619628903, 168.06179809570312, 164.16660156249992, 151.03689025878907, 151.0962463378906, 139.95957275390623, 137.65405456542973, 133.83156066894531, 134.50345703124995, 128.9716088867188, 133.90707824707027, 130.04660705566405, 135.07473449707024, 127.60965484619139, 124.12096130371094, 118.17124755859373, 118.38493286132812, 111.68659210205074, 111.76962371826171, 108.26512298583984, 108.81621856689453, 105.44570922851562, 103.15580291748046, 100.18834594726552, 98.27622100830077, 96.46766143798817, 95.59481811523436, 91.11492614746092, 93.03264709472656, 89.16210083007812, 89.43360137939452, 83.67789184570312, 84.6707559204101, 82.93910186767579, 85.273603515625, 75.79810333251953, 74.02047271728514, 77.94525146484375, 71.83509857177735, 71.4097924804687],