{"SnapshotNumber": 127, "radii": [5.0, 15.0, 25.0, 35.0, 45.0, 55.0, 65.0, 75.0, 85.0, 95.0, 105.0, 115.0, 125.0, 135.0, 145.0, 155.0, 165.0, 175.0, 185.0, 195.0, 205.0, 215.0, 225.0, 235.0, 245.0, 255.0, 265.0, 275.0, 285.0, 295.0, 305.0, 315.0, 325.0, 335.0, 345.0, 355.0, 365.0, 375.0, 385.0, 395.0, 405.0, 415.0, 425.0, 435.0, 445.0, 455.0, 465.0, 475.0, 485.0, 495.0, 505.0, 515.0, 525.0, 535.0, 545.0, 555.0, 565.0, 575.0, 585.0, 595.0, 605.0, 615.0, 625.0, 635.0, 645.0, 655.0, 665.0, 675.0, 685.0, 695.0, 705.0, 715.0, 725.0, 735.0, 745.0, 755.0, 765.0, 775.0, 785.0, 795.0, 805.0, 815.0, 825.0, 835.0, 845.0, 855.0, 865.0, 875.0, 885.0, 895.0, 905.0, 915.0, 925.0, 935.0, 945.0, 955.0, 965.0, 975.0, 985.0, 995.0], "rho_p16": [361625.32875, 68826.6615625, 27674.82140625, 10740.680546875, 4838.0634765625, 2925.876669921875, 2058.74869140625, 1651.682197265625, 1174.3477783203125, 999.1383813476563, 827.3726025390625, 767.5481811523438, 686.2702465820313, 617.0753149414063, 562.147587890625, 502.27227416992184, 437.74768310546875, 398.7092980957031, 359.90924560546875, 331.51765869140627, 302.75982055664065, 284.2321923828125, 263.9933349609375, 238.72890869140625, 221.2165997314453, 206.58091003417968, 191.21464904785157, 176.66683959960938, 166.00436462402342, 153.0608673095703, 141.6220947265625, 130.72488403320312, 121.03841857910156, 112.73749298095703, 104.64289672851562, 98.50614196777343, 90.32948272705079, 82.5850668334961, 83.88242645263672, 75.722607421875, 72.1349789428711, 65.53260620117189, 60.3002668762207, 54.85689895629884, 48.71163452148438, 45.11849105834961, 38.49631317138672, 37.23900588989258, 34.789768829345704, 33.33315200805664, 30.922432479858397, 28.730905532836914, 27.434171295166017, 26.316664733886718, 25.340252151489256, 24.70245948791504, 23.605112075805664, 22.554419326782227, 21.6512809753418, 20.359598999023437, 19.87751350402832, 19.684732131958008, 18.030580902099608, 17.904556732177735, 17.26411834716797, 16.74228286743164, 16.310933685302736, 16.13086929321289, 15.430684089660645, 15.260694198608398, 14.767376899719238, 13.808733444213868, 13.736449737548828, 13.260373916625976, 13.275843925476075, 12.491055603027343, 12.456454277038574, 12.028623008728028, 11.543045845031738, 11.521062965393066, 11.076790580749512, 10.961463966369628, 10.41209144592285, 10.321019439697265, 10.101994705200195, 9.657622985839843, 9.467330322265624, 9.238330726623536, 9.301922798156738, 8.843836135864258, 8.687040214538575, 8.535951805114745, 8.319845924377441, 8.224478492736816, 8.027446174621582, 8.000017738342285, 7.592160224914551, 7.754919185638427, 7.351126670837402, 7.28537919998169], "rho_med": [1215262.0625, 283834.90625, 94967.1640625, 33701.736328125, 12516.9013671875, 6959.40576171875, 4840.341796875, 3425.84326171875, 2556.954345703125, 2051.791259765625, 1692.2769165039062, 1434.290771484375, 1232.745361328125, 1093.6847534179688, 944.2378540039062, 866.9826965332031, 765.2258911132812, 673.5084228515625, 623.9064636230469, 558.0179443359375, 525.0139770507812, 479.22991943359375, 450.6392822265625, 418.66371154785156, 383.7779541015625, 354.3875427246094, 327.25794982910156, 309.44932556152344, 299.99176025390625, 274.5794677734375, 257.5723571777344, 239.96112060546875, 219.72877502441406, 209.05660247802734, 193.82456970214844, 186.7433853149414, 177.01722717285156, 164.4069366455078, 157.91244506835938, 148.6195068359375, 143.37205505371094, 131.8819122314453, 125.51076126098633, 118.3588638305664, 111.57863235473633, 104.5307388305664, 93.72768783569336, 90.27881622314453, 83.51287841796875, 80.9004898071289, 75.88813018798828, 69.41075134277344, 66.36994552612305, 63.20952224731445, 60.92630386352539, 59.33662414550781, 54.885704040527344, 53.517154693603516, 52.10463905334473, 50.98435592651367, 49.664804458618164, 46.68625831604004, 46.419517517089844, 45.451637268066406, 43.49966621398926, 41.38147735595703, 40.19583511352539, 40.247352600097656, 37.81708335876465, 37.60110855102539, 36.35658264160156, 35.37247276306152, 34.04180145263672, 33.27929878234863, 31.129222869873047, 30.270570755004883, 30.56920623779297, 29.326133728027344, 27.92983913421631, 28.86457920074463, 26.639484405517578, 25.80143928527832, 25.73505401611328, 26.62618637084961, 25.39517307281494, 26.195602416992188, 23.6734037399292, 24.48049545288086, 23.810821533203125, 23.027244567871094, 23.397851943969727, 22.46592140197754, 22.72856616973877, 21.89539337158203, 21.056346893310547, 20.668703079223633, 21.3687686920166, 19.95892906188965, 19.35357093811035, 19.457719802856445], "rho_p84": [8445597.559999999, 1076042.405, 252197.7499999999, 95506.0871875, 41246.38984375, 20830.570078124998, 12699.010742187507, 8317.992421875, 5717.85546875, 4252.641718749999, 3494.407851562497, 2837.844814453125, 2347.187275390625, 1935.847626953125, 1651.2208300781251, 1463.8703906250003, 1312.7112646484375, 1149.2058984374999, 1061.504155273437, 934.7807080078124, 866.6439819335934, 814.2112817382812, 756.24947265625, 700.048056640625, 654.2883959960938, 614.3064355468748, 567.8930615234375, 550.8578002929687, 518.0197949218751, 500.8413391113281, 477.1002319335937, 432.54946899414057, 404.2229980468749, 392.3444091796875, 378.24504638671874, 349.1889013671875, 354.36475463867174, 343.7706640625, 323.850537109375, 316.41724121093756, 293.71282958984375, 275.1838867187499, 265.1737170410155, 245.61314147949216, 231.96869323730456, 227.10137207031252, 205.4890887451172, 195.08977233886714, 175.87436706542945, 172.94852294921873, 160.1438391113281, 157.0518341064453, 149.47271606445298, 146.23068115234378, 144.31533142089845, 144.86729309082025, 148.1030517578125, 143.76708679199217, 145.1922918701172, 147.51165649414065, 147.31653808593748, 142.6842999267578, 141.64295349121096, 140.18672241210933, 138.4950543212889, 131.6143951416015, 135.95567321777335, 135.81237731933595, 133.38171691894533, 131.0930596923828, 123.88357543945312, 120.88260833740233, 115.32614624023435, 117.09409027099609, 110.25703521728515, 108.0533901977539, 108.42136291503907, 105.27490203857423, 104.77764129638672, 110.12042358398435, 101.21489135742186, 101.93226745605469, 105.82063629150389, 99.3418716430664, 99.97275299072264, 100.46639068603514, 92.99021820068359, 93.77994873046873, 91.35500946044922, 85.81770111083985, 84.51517517089844, 80.67117156982422, 78.1381100463867, 75.08980529785156, 76.78974304199217, 72.59390686035154, 73.17140197753906, 71.28511444091797, 74.777099609375, 69.71675506591795],