{"SnapshotNumber": 127, "radii": [5.0, 15.0, 25.0, 35.0, 45.0, 55.0, 65.0, 75.0, 85.0, 95.0, 105.0, 115.0, 125.0, 135.0, 145.0, 155.0, 165.0, 175.0, 185.0, 195.0, 205.0, 215.0, 225.0, 235.0, 245.0, 255.0, 265.0, 275.0, 285.0, 295.0, 305.0, 315.0, 325.0, 335.0, 345.0, 355.0, 365.0, 375.0, 385.0, 395.0, 405.0, 415.0, 425.0, 435.0, 445.0, 455.0, 465.0, 475.0, 485.0, 495.0, 505.0, 515.0, 525.0, 535.0, 545.0, 555.0, 565.0, 575.0, 585.0, 595.0, 605.0, 615.0, 625.0, 635.0, 645.0, 655.0, 665.0, 675.0, 685.0, 695.0, 705.0, 715.0, 725.0, 735.0, 745.0, 755.0, 765.0, 775.0, 785.0, 795.0, 805.0, 815.0, 825.0, 835.0, 845.0, 855.0, 865.0, 875.0, 885.0, 895.0, 905.0, 915.0, 925.0, 935.0, 945.0, 955.0, 965.0, 975.0, 985.0, 995.0], "rho_p16": [388681.97875, 66363.6478125, 27974.169921875, 10855.198359375, 4899.1552734375, 2785.0981640625, 2064.27849609375, 1611.3594873046875, 1169.08935546875, 973.078701171875, 801.4702880859375, 751.0116870117188, 676.1863305664062, 611.2190551757812, 556.8610107421875, 497.75414794921875, 447.5824829101563, 397.0994543457031, 367.4272021484375, 332.28267456054687, 305.40631103515625, 285.3464465332031, 263.9400927734375, 237.66271362304687, 221.4662957763672, 208.49226135253906, 190.55978393554688, 180.26738525390624, 164.82810974121094, 152.84546508789063, 141.2366522216797, 131.6408264160156, 120.1820654296875, 112.54411651611328, 103.80575561523438, 95.7210464477539, 92.16768585205078, 84.63060302734375, 83.73205688476563, 74.46908020019531, 70.61522674560547, 63.588919219970705, 63.39161834716797, 59.139758605957034, 48.558173828125, 47.166656036376956, 39.356555786132816, 39.15990844726562, 35.01938095092773, 33.19477737426758, 31.015098037719728, 28.774918670654298, 27.854606246948244, 26.631285629272462, 25.56836227416992, 24.781069412231446, 24.047150802612304, 22.764985427856445, 22.27694664001465, 20.58663070678711, 20.003927612304686, 19.524618759155274, 18.68781623840332, 17.791264877319335, 17.53298988342285, 16.636805953979493, 16.32931594848633, 15.970754089355468, 15.342801666259765, 14.951511192321778, 14.73693473815918, 14.104282073974609, 13.704017639160156, 13.704592514038087, 13.13803321838379, 12.595395164489746, 12.18441791534424, 11.917327880859375, 11.690891075134278, 11.495329246520996, 11.032446937561035, 10.890422859191895, 10.46934108734131, 10.263065643310547, 9.990668296813965, 9.610647659301758, 9.322440414428712, 9.30765438079834, 9.082602157592774, 8.87493221282959, 8.659894371032715, 8.61748046875, 8.62814540863037, 8.05455322265625, 8.085896682739257, 8.17864101409912, 7.6881468391418455, 7.675737838745118, 7.3719076156616214, 7.259645538330078], "rho_med": [1258771.125, 282107.40625, 94826.34375, 33895.69140625, 12804.0107421875, 6930.31884765625, 4763.77392578125, 3424.814208984375, 2525.481689453125, 2082.4066162109375, 1680.3394775390625, 1461.7781982421875, 1241.7679443359375, 1096.2529907226562, 955.0502319335938, 867.5918884277344, 769.4258117675781, 666.8416137695312, 623.9053344726562, 563.4246215820312, 522.2832946777344, 480.6065979003906, 454.76385498046875, 420.8417053222656, 384.24053955078125, 354.378173828125, 326.54705810546875, 309.82293701171875, 294.0811767578125, 275.20555114746094, 259.4963073730469, 238.26504516601562, 219.2626953125, 210.8057098388672, 193.95604705810547, 182.44950103759766, 176.4524688720703, 164.87613677978516, 160.90135192871094, 146.77430725097656, 142.2486114501953, 129.19242095947266, 126.6976203918457, 118.83456420898438, 112.09478759765625, 106.27557373046875, 95.46740341186523, 91.49447631835938, 84.6563720703125, 81.65492248535156, 74.11807632446289, 68.60100555419922, 66.26134490966797, 64.61831665039062, 62.3896598815918, 59.31431198120117, 56.09104347229004, 54.523324966430664, 52.39789390563965, 49.34156036376953, 50.664058685302734, 46.945831298828125, 45.94446563720703, 44.15087890625, 45.11197853088379, 41.83766555786133, 40.6577033996582, 40.0351448059082, 38.549551010131836, 38.14460754394531, 36.26626014709473, 34.819393157958984, 33.82040023803711, 33.220375061035156, 31.23028564453125, 30.042482376098633, 30.091266632080078, 29.58224868774414, 28.10985279083252, 28.80019187927246, 26.447208404541016, 26.194161415100098, 26.05364990234375, 26.434553146362305, 25.250622749328613, 24.815184593200684, 23.376049041748047, 24.585942268371582, 23.512481689453125, 22.3746280670166, 22.76144790649414, 22.42278289794922, 22.245656967163086, 21.69594097137451, 20.4434757232666, 20.42203712463379, 20.914146423339844, 19.943452835083008, 20.407285690307617, 19.075468063354492], "rho_p84": [8454132.920000002, 1104941.3649999993, 255143.08999999988, 96935.9478125, 40620.359375, 20562.526484375, 12493.6873828125, 8643.632499999998, 5646.859707031251, 4241.428632812501, 3563.929873046875, 2922.9661230468746, 2353.7120507812488, 1961.88818359375, 1632.9161132812499, 1478.681611328125, 1329.706494140625, 1140.0269921875, 1049.7526806640624, 937.0288793945311, 857.4838256835938, 815.1085107421875, 746.9424975585938, 699.4130371093747, 655.0881079101563, 614.0118481445312, 574.0213745117188, 542.8686083984375, 522.159143066406, 497.8471984863278, 469.5289733886719, 431.7944287109375, 404.13863037109377, 389.95921630859374, 371.523681640625, 351.7491760253906, 354.0266040039063, 352.66484374999993, 324.02527221679685, 315.56322387695315, 291.62245483398425, 283.50787231445304, 262.55053100585934, 248.3441687011719, 235.41795654296874, 219.84184509277344, 202.37611511230466, 196.28700073242186, 178.29513854980468, 171.4927453613281, 162.34640014648434, 154.64599792480467, 146.5653063964844, 147.43290710449216, 146.03913269042968, 145.59395263671874, 147.92077941894527, 145.6510589599609, 147.81934204101557, 148.68198791503906, 144.06084594726553, 142.120968017578, 139.86880187988285, 138.05401916503902, 137.9927429199218, 133.94343200683588, 139.11857299804686, 131.79478393554686, 131.6909973144531, 129.52782043457026, 124.69456878662109, 120.3362918090819, 118.3395767211914, 113.77214111328122, 109.20622222900387, 109.80871795654288, 105.45007507324219, 105.91256225585931, 98.55896301269526, 105.74948791503907, 101.41453155517578, 103.96966583251948, 106.46996032714846, 101.25199401855468, 98.29667358398437, 96.86090240478515, 92.68463928222656, 93.3870056152343, 91.20124450683579, 84.59566619873047, 83.38587341308589, 78.63406799316407, 79.71656036376955, 79.74648895263675, 78.12376708984372, 73.90550140380859, 73.51894317626947, 69.99606933593749, 74.15112304687493, 72.21405853271484],