{"SnapshotNumber": 127, "radii": [5.0, 15.0, 25.0, 35.0, 45.0, 55.0, 65.0, 75.0, 85.0, 95.0, 105.0, 115.0, 125.0, 135.0, 145.0, 155.0, 165.0, 175.0, 185.0, 195.0, 205.0, 215.0, 225.0, 235.0, 245.0, 255.0, 265.0, 275.0, 285.0, 295.0, 305.0, 315.0, 325.0, 335.0, 345.0, 355.0, 365.0, 375.0, 385.0, 395.0, 405.0, 415.0, 425.0, 435.0, 445.0, 455.0, 465.0, 475.0, 485.0, 495.0, 505.0, 515.0, 525.0, 535.0, 545.0, 555.0, 565.0, 575.0, 585.0, 595.0, 605.0, 615.0, 625.0, 635.0, 645.0, 655.0, 665.0, 675.0, 685.0, 695.0, 705.0, 715.0, 725.0, 735.0, 745.0, 755.0, 765.0, 775.0, 785.0, 795.0, 805.0, 815.0, 825.0, 835.0, 845.0, 855.0, 865.0, 875.0, 885.0, 895.0, 905.0, 915.0, 925.0, 935.0, 945.0, 955.0, 965.0, 975.0, 985.0, 995.0], "rho_p16": [318653.48125, 58298.63671875, 18294.276953125, 6746.39462890625, 3731.598759765625, 2700.60904296875, 2168.32580078125, 1826.05515625, 1568.863662109375, 1330.06578125, 1152.2005810546875, 1004.4402612304688, 870.528349609375, 782.2522143554687, 723.9012353515625, 680.2439184570312, 635.4725366210937, 581.5918017578125, 540.6065307617188, 510.43227416992187, 478.3654296875, 460.32301635742186, 427.744775390625, 374.4453491210937, 310.84888916015626, 244.85254333496096, 203.87209716796875, 179.57928588867188, 157.4329089355469, 142.85903564453125, 129.88532165527343, 119.32402618408203, 110.1349301147461, 103.12149047851562, 98.31308868408203, 92.21612030029297, 88.99750732421874, 83.98726165771484, 82.00584045410156, 77.63921752929687, 75.49009857177734, 72.78699981689454, 68.68474517822266, 67.52719299316406, 62.91207763671875, 61.7578776550293, 58.283163452148436, 55.97063369750977, 52.411747283935554, 49.84426132202149, 46.78617706298829, 41.08821228027344, 37.45259979248047, 34.90748413085937, 32.70233367919922, 31.92167091369629, 29.74023162841797, 28.291781387329102, 24.947084503173826, 23.463841247558598, 22.814845199584962, 21.089178085327152, 19.099458312988283, 17.757016067504882, 16.67144004821777, 15.444819793701171, 14.60022045135498, 14.336682853698731, 13.060670928955078, 12.45676929473877, 11.430272369384765, 11.05823329925537, 10.041522865295411, 9.952496337890626, 9.395166702270508, 9.119463310241699, 9.116973838806153, 8.306791458129883, 8.045663719177247, 7.59464900970459, 7.1644590377807615, 7.381616687774658, 6.696371116638184, 6.411974906921388, 6.177220191955566, 6.01562198638916, 5.5891296005249025, 5.269096946716308, 5.2247400283813485, 4.976415157318115, 4.680685138702392, 4.6532702636718755, 4.491159210205078, 4.1753833198547365, 3.862593173980713, 3.8763031578063964, 3.613734006881714, 3.6607237815856934, 3.3876350498199463, 3.2960449981689455], "rho_med": [883691.6875, 207618.9921875, 64760.91796875, 17868.6875, 7129.8798828125, 4241.240966796875, 3158.6148681640625, 2578.3099365234375, 2186.0870361328125, 1869.51708984375, 1607.7249755859375, 1405.4846801757812, 1244.71875, 1108.13818359375, 1005.2009887695312, 919.7126159667969, 856.8020324707031, 789.7593994140625, 742.8287353515625, 699.0946655273438, 663.75146484375, 638.2614440917969, 601.0530700683594, 555.755615234375, 524.1798706054688, 485.15879821777344, 439.0835876464844, 387.99058532714844, 336.4957733154297, 277.5607147216797, 237.32286834716797, 214.26614379882812, 195.3984603881836, 178.76319122314453, 165.70157623291016, 155.19979095458984, 148.00135803222656, 141.58074188232422, 137.70413208007812, 131.79090118408203, 125.80950546264648, 120.78793716430664, 117.53913497924805, 115.9520492553711, 112.45701599121094, 109.19537353515625, 108.19680404663086, 104.96636962890625, 104.1456069946289, 100.6225814819336, 98.33820343017578, 94.99034881591797, 91.89965438842773, 89.85059356689453, 87.87288284301758, 84.37310791015625, 81.6713752746582, 78.25146865844727, 74.8187141418457, 72.79948043823242, 70.55034637451172, 66.7214126586914, 64.1121826171875, 61.38349533081055, 58.95722961425781, 54.317813873291016, 50.209144592285156, 47.25319862365723, 46.0362434387207, 43.67007064819336, 42.25803184509277, 40.14717483520508, 37.48311805725098, 36.59125518798828, 36.212852478027344, 34.378211975097656, 33.424503326416016, 30.91114616394043, 30.256336212158203, 28.1577205657959, 27.27521324157715, 26.49183464050293, 24.924694061279297, 24.018404006958008, 23.63160514831543, 23.00385284423828, 22.329858779907227, 20.902155876159668, 19.998178482055664, 19.469532012939453, 18.83435821533203, 17.944323539733887, 17.39381217956543, 16.944074630737305, 16.601250648498535, 15.97659158706665, 15.986481189727783, 15.185054779052734, 14.84468936920166, 14.051798343658447], "rho_p84": [5479298.079999999, 937062.1374999994, 275707.06875, 63057.84390624999, 21151.186640625, 11614.729726562498, 6920.730957031249, 4623.13482421875, 3664.3901562499973, 2954.313623046874, 2445.100380859374, 2103.6135937499994, 1837.5239404296874, 1641.11328125, 1460.5836669921869, 1348.6201318359374, 1226.8382177734375, 1130.43228515625, 1058.5765771484373, 1001.5385620117188, 970.3628930664062, 927.2018408203124, 858.9113842773437, 815.0720532226562, 770.1722558593748, 731.577509765625, 680.051455078125, 619.4520874023438, 546.5326098632812, 475.7012744140625, 414.51223144531247, 374.7906774902344, 338.598603515625, 302.8817578125, 272.6175158691406, 259.62755126953124, 251.62623352050775, 241.7089660644531, 236.10238708496092, 226.132158203125, 218.6710076904297, 214.34484619140625, 207.31161499023438, 202.0265789794922, 199.10172363281248, 192.097138671875, 187.6216064453125, 192.46724548339841, 184.44291137695313, 181.25809448242182, 178.2421936035156, 178.47580932617188, 177.12352600097654, 169.56773071289064, 168.04673583984373, 164.88200683593752, 164.24598510742177, 161.41456481933594, 160.4457421875, 155.58643188476563, 151.16136779785157, 146.99386657714842, 142.62213989257813, 139.11887756347656, 135.92016357421875, 132.63161010742186, 132.08533691406248, 127.5235678100586, 122.44128356933594, 117.97794891357421, 114.58894714355469, 108.20334869384766, 106.06327545166015, 104.63601135253906, 100.74621185302729, 98.6008871459961, 94.58556671142578, 94.47844940185541, 92.53981170654293, 88.8189367675781, 87.11965393066401, 86.30685089111329, 83.5327752685547, 82.11688507080078, 79.45991241455081, 76.60301971435547, 74.28684173583984, 73.32469238281243, 70.41828002929687, 70.80570983886719, 70.41851165771479, 69.08009948730457, 67.76076873779297, 65.85488372802733, 65.46295776367188, 64.06457733154296, 63.99917449951172, 64.22733184814456, 63.31717620849605, 61.96208099365234],