{"SnapshotNumber": 127, "radii": [5.0, 15.0, 25.0, 35.0, 45.0, 55.0, 65.0, 75.0, 85.0, 95.0, 105.0, 115.0, 125.0, 135.0, 145.0, 155.0, 165.0, 175.0, 185.0, 195.0, 205.0, 215.0, 225.0, 235.0, 245.0, 255.0, 265.0, 275.0, 285.0, 295.0, 305.0, 315.0, 325.0, 335.0, 345.0, 355.0, 365.0, 375.0, 385.0, 395.0, 405.0, 415.0, 425.0, 435.0, 445.0, 455.0, 465.0, 475.0, 485.0, 495.0, 505.0, 515.0, 525.0, 535.0, 545.0, 555.0, 565.0, 575.0, 585.0, 595.0, 605.0, 615.0, 625.0, 635.0, 645.0, 655.0, 665.0, 675.0, 685.0, 695.0, 705.0, 715.0, 725.0, 735.0, 745.0, 755.0, 765.0, 775.0, 785.0, 795.0, 805.0, 815.0, 825.0, 835.0, 845.0, 855.0, 865.0, 875.0, 885.0, 895.0, 905.0, 915.0, 925.0, 935.0, 945.0, 955.0, 965.0, 975.0, 985.0, 995.0], "rho_p16": [320975.3625, 58919.42078125, 18220.27515625, 6743.09755859375, 3694.2853515625, 2705.0803320312502, 2183.64666015625, 1808.397265625, 1552.9409033203126, 1342.5156640625, 1151.6126708984375, 997.2747802734375, 873.136337890625, 787.3385522460937, 722.8634155273437, 676.6516162109375, 636.8531640625, 583.6701733398437, 542.8952978515625, 505.5746923828125, 477.98024658203127, 462.66465576171873, 431.30275146484377, 374.96642700195315, 312.5523937988281, 245.88685180664064, 204.28165222167968, 176.9954382324219, 159.4248468017578, 141.8749841308594, 129.29310668945314, 118.62186676025391, 110.44326416015625, 104.17466217041016, 97.79219329833984, 92.71414367675781, 89.60683837890625, 83.6390737915039, 81.75875030517578, 78.25164611816406, 75.09537414550782, 72.28391235351563, 69.08922607421876, 66.17427307128906, 63.56175979614258, 61.7200131225586, 59.32183944702148, 55.38294525146485, 53.33546630859375, 49.58830169677734, 45.83294631958008, 42.32849151611328, 38.319943237304685, 34.086307220458984, 33.19717269897461, 31.79337425231934, 29.541994857788087, 28.637639389038085, 25.720756149291994, 23.485257263183595, 21.839186859130862, 20.810977096557618, 19.189051818847656, 18.045760345458984, 17.314646530151368, 15.425716247558594, 14.601803245544435, 13.690457153320311, 13.139793357849122, 12.561697883605957, 11.397572441101074, 11.098235130310059, 9.971689224243164, 9.96896728515625, 9.535400009155273, 9.123768157958985, 8.992716293334961, 8.236947135925293, 8.128332138061523, 7.666730041503906, 7.3390540122985835, 7.2376921844482425, 6.607961750030517, 6.685216979980469, 6.304097976684571, 6.067545299530029, 5.435495662689209, 5.337081737518311, 5.3009439468383786, 5.047566661834717, 4.536072826385498, 4.539954509735107, 4.500304222106934, 4.037065086364746, 3.846001091003419, 3.9133080768585207, 3.5185618686676032, 3.598390550613403, 3.2886580467224125, 3.4025024223327636], "rho_med": [878416.4375, 206560.9609375, 64666.212890625, 18026.5556640625, 6932.66357421875, 4244.265380859375, 3121.443359375, 2578.751220703125, 2198.6953125, 1852.072021484375, 1601.635986328125, 1403.0007934570312, 1241.4510498046875, 1102.4998168945312, 1007.2831115722656, 920.6593322753906, 852.3057861328125, 794.3608703613281, 739.7037658691406, 698.6702270507812, 660.671875, 639.9424438476562, 601.2872619628906, 555.4604797363281, 523.1085205078125, 482.71080017089844, 438.04833984375, 391.5073547363281, 337.19468688964844, 276.47850036621094, 237.43399810791016, 212.62069702148438, 195.4838409423828, 178.1480712890625, 166.86947631835938, 154.69180297851562, 147.99578857421875, 141.91638946533203, 136.87689971923828, 131.85016632080078, 125.81945419311523, 120.95625686645508, 118.0582046508789, 116.64204788208008, 112.79590225219727, 110.550537109375, 107.50182723999023, 105.41193771362305, 103.94738006591797, 100.91242980957031, 98.16737747192383, 96.59344100952148, 92.26896286010742, 89.28532409667969, 87.46331024169922, 84.99993133544922, 80.79564666748047, 77.25955963134766, 75.07860565185547, 72.59087753295898, 70.54147338867188, 67.06945037841797, 64.74437713623047, 61.03110122680664, 57.702383041381836, 55.00305366516113, 49.541900634765625, 47.061279296875, 45.77775955200195, 43.476057052612305, 41.547245025634766, 40.20692443847656, 37.41969299316406, 36.536916732788086, 35.67856979370117, 33.34505844116211, 32.752296447753906, 30.82510471343994, 30.032577514648438, 28.43161678314209, 27.435656547546387, 27.113527297973633, 25.59000873565674, 24.376351356506348, 23.688061714172363, 22.894500732421875, 21.944211959838867, 21.069660186767578, 20.10533905029297, 19.56054401397705, 19.175395965576172, 17.88398838043213, 17.598814010620117, 17.122406005859375, 16.58592414855957, 16.208674430847168, 15.795014381408691, 15.356578826904297, 14.772831916809082, 14.054094314575195], "rho_p84": [5527989.499999998, 929696.7925, 273597.975, 63548.24374999998, 21361.57148437499, 12339.148437499998, 6792.432109374998, 4641.633359375, 3602.105244140625, 2938.5301660156247, 2479.2838671874997, 2071.873574218749, 1811.041850585937, 1631.5915185546874, 1445.0645996093745, 1348.122763671875, 1229.5789355468746, 1137.8014990234376, 1070.4790478515624, 1004.3875781249999, 964.2939355468748, 920.5397705078125, 854.4815649414062, 813.6412475585937, 769.5578344726563, 732.3517749023437, 677.1362695312499, 617.5306323242186, 545.2109179687498, 478.00401611328124, 416.4891638183594, 370.8604431152344, 338.0121484375, 302.4547766113281, 275.82678955078126, 260.13610717773435, 254.48259887695312, 244.46880187988273, 234.62000732421876, 227.28061645507813, 219.35167724609371, 214.894033203125, 210.67704162597656, 204.2929608154297, 199.41425842285156, 192.63119689941405, 189.92236572265628, 190.97079772949218, 183.03508300781252, 178.38598876953122, 179.0427325439453, 178.62458190917968, 176.24188842773435, 170.92277587890626, 168.09316223144532, 168.8125091552735, 164.67995910644535, 160.5212420654297, 158.94915771484375, 156.34659240722655, 155.16433410644532, 147.68313598632812, 142.39728515625, 140.76748291015625, 136.16356750488282, 134.54830810546872, 133.8004150390625, 127.75090454101564, 123.1694979858399, 119.28948852539062, 113.62995697021478, 109.1207046508789, 105.82022216796877, 105.0982272338867, 101.79718719482418, 97.7541989135742, 95.21087768554685, 93.21370391845701, 91.72822235107421, 90.39860229492187, 87.5703552246094, 84.47032440185546, 81.79803924560544, 81.01480010986319, 80.03671844482422, 75.73645629882809, 73.88707641601562, 72.90483276367188, 71.71495483398432, 69.95414520263672, 69.82120666503906, 68.43568786621094, 68.48886413574219, 66.7273162841797, 65.50171630859374, 64.4350796508789, 64.22991027832032, 63.90987915039065, 61.29098205566406, 61.64695526123046],