{"SnapshotNumbers": [50, 51, 52, 53, 54, 55, 56, 57, 58, 59, 60, 61, 62, 63, 64, 65, 66, 67, 68, 69, 70, 71, 72, 73, 74, 75, 76, 77, 78, 79, 80, 81, 82, 83, 84, 85, 86, 87, 88, 89, 90, 91, 92, 93, 94, 95, 96, 97, 98, 99, 100, 101, 102, 103, 104, 105, 106, 107, 108, 109, 110, 111, 112, 113, 114, 115, 116, 117, 118, 119, 120], "SnapshotTimes": [1.6600143869141086, 1.7870610578518569, 1.910374663189027, 2.0566279658005517, 2.1979545826256524, 2.3495344837482337, 2.4942982026932317, 2.648679024181495, 2.7919964070004784, 2.9444522970841254, 3.103679461620113, 3.2503461041698882, 3.4035482502094134, 3.5395210614408477, 3.706074245251531, 3.852039404050016, 4.005330648859183, 4.1380238212264, 4.302863700119068, 4.444078540437954, 4.618010469172704, 4.767519355776625, 4.921821313360232, 5.048501545881991, 5.210902319443069, 5.378187481427072, 5.516742183317032, 5.657151746908872, 5.835657267816712, 5.984925889355137, 6.1314743443417274, 6.288280009550495, 6.441930961431011, 6.60150134785066, 6.767286363666197, 6.891938257577819, 7.058261067482293, 7.230838364822614, 7.363097920077097, 7.541245459552444, 7.6760992541526205, 7.859537305692069, 7.996553509894531, 8.184930564043999, 8.33063774295648, 8.473061122257839, 8.619165545014738, 8.822454757224136, 8.977680498782219, 9.128933347146274, 9.28399281865738, 9.442976215473088, 9.597321544370372, 9.755404100736131, 9.91733399954639, 10.083224987834548, 10.253194588767297, 10.417575859721632, 10.585809115748921, 10.758003408639935, 10.87158675338913, 11.050552250154956, 11.222886201331546, 11.399102192939777, 11.579305643595353, 11.69400588091851, 11.880922573432047, 12.060042487650401, 12.181593952274879, 12.367202557614286, 12.55684042003699], "SnapshotMeanDelay": [2.2584659203127146, 2.1387201993093092, 2.0997371296295215, 2.080662498085025, 1.994835895544176, 2.085032626522844, 1.8541066735394343, 1.7778524746913669, 1.9510243969127452, 2.273442976299147, 1.945746123706679, 1.843067965912501, 1.8458867058456143, 1.852289588279492, 1.793157609426499, 1.8530447541023667, 1.9191076802838023, 1.992491837503257, 1.9986163431549318, 2.016565727207434, 2.140255571572057, 2.191978873913257, 2.1292272017882095, 2.3517991391304296, 2.472275920617134, 2.8075291905717537, 2.902701109731101, 3.012170752980132, 2.9947972901654025, 3.256982304051655, 4.860874716154447, 3.2202401048773694, 3.738114230002739, 3.7931481426795775, 3.4918396248036183, 2.7603911606589686, 2.830813586143717, 3.1767139320677673, 3.6168033973131353, 4.034762121307444, 3.822365355868005, 2.997605769643154, 3.0317781643555084, 3.352549343571765, 3.623587084233784, 3.5682551583625606, 3.4863883413965784, 3.5399320265911225, 3.538898725916045, 3.385193864165008, 3.257856377606519, 3.162168878804934, 3.0509790387319167, 2.0769893729403917, 2.859852981081321, 2.782062463184261, 2.747479102896985, 2.5794736601199757, 2.4872952189054462, 2.3596638436933746, 2.241300008311434, 2.1238200521491466, 2.027789665807013, 1.9063965987498188, 1.8149644978641601, 1.8002413289823969, 1.638195216420736, 1.472201089169803, 1.4063250103486569, 1.2867762401608724, 1.1415964642950254]}