{"SnapshotNumber": 127, "radii": [5.0, 15.0, 25.0, 35.0, 45.0, 55.0, 65.0, 75.0, 85.0, 95.0, 105.0, 115.0, 125.0, 135.0, 145.0, 155.0, 165.0, 175.0, 185.0, 195.0, 205.0, 215.0, 225.0, 235.0, 245.0, 255.0, 265.0, 275.0, 285.0, 295.0, 305.0, 315.0, 325.0, 335.0, 345.0, 355.0, 365.0, 375.0, 385.0, 395.0, 405.0, 415.0, 425.0, 435.0, 445.0, 455.0, 465.0, 475.0, 485.0, 495.0, 505.0, 515.0, 525.0, 535.0, 545.0, 555.0, 565.0, 575.0, 585.0, 595.0, 605.0, 615.0, 625.0, 635.0, 645.0, 655.0, 665.0, 675.0, 685.0, 695.0, 705.0, 715.0, 725.0, 735.0, 745.0, 755.0, 765.0, 775.0, 785.0, 795.0, 805.0, 815.0, 825.0, 835.0, 845.0, 855.0, 865.0, 875.0, 885.0, 895.0, 905.0, 915.0, 925.0, 935.0, 945.0, 955.0, 965.0, 975.0, 985.0, 995.0], "rho_p16": [266597.85625, 37480.13, 19405.676171875, 11537.07078125, 5270.928320312501, 2733.14541015625, 1700.7379736328126, 1278.460107421875, 959.2995629882812, 782.0150854492188, 655.8831127929687, 595.0392944335938, 563.081396484375, 563.446513671875, 532.4202490234375, 520.282421875, 489.71697998046875, 442.9002258300781, 410.71827392578126, 378.1447961425781, 349.8243286132813, 331.05036865234376, 313.2436096191406, 286.6966552734375, 263.62407470703124, 242.320849609375, 222.56311645507813, 207.27171752929686, 183.81189880371093, 166.2828985595703, 146.30186462402344, 127.77397399902344, 117.02775177001953, 107.03279449462892, 92.18850097656251, 79.59331756591797, 73.7924658203125, 64.44540100097656, 61.72346801757813, 57.28424148559571, 53.28608123779297, 48.7227668762207, 45.59240493774414, 41.86707992553711, 40.27415969848633, 39.19499282836914, 35.53700454711914, 34.076685485839846, 32.31801330566406, 31.327417449951174, 29.81173210144043, 28.15729393005371, 26.81386375427246, 26.41660140991211, 25.25560661315918, 24.540577163696287, 23.613748245239258, 23.08827163696289, 21.880950927734375, 20.614446105957033, 20.137302017211915, 19.80841323852539, 19.792058563232423, 18.50559150695801, 18.028219985961915, 17.37786552429199, 16.762654113769532, 16.011642456054688, 15.643860359191894, 15.42971363067627, 14.825507164001465, 14.899511260986328, 13.83469898223877, 13.46267505645752, 13.37665641784668, 12.765979766845703, 12.636747932434082, 12.129965934753418, 11.926588096618651, 11.411362762451171, 11.206944389343262, 10.813904762268066, 10.68995864868164, 10.22260280609131, 10.262442054748535, 9.885387611389161, 9.542288513183594, 9.49948959350586, 9.37030200958252, 9.144900550842285, 9.125641441345214, 8.681715202331542, 8.612190399169922, 8.538655853271484, 8.163410987854004, 8.162766304016113, 8.034587478637695, 7.622841987609863, 7.6520225524902346, 7.313644886016846], "rho_med": [720301.71875, 126934.1953125, 77813.37890625, 46943.013671875, 19747.251953125, 7423.41162109375, 3797.06640625, 2677.406005859375, 1976.056640625, 1566.1639404296875, 1285.4930419921875, 1153.1123046875, 1082.2039794921875, 1007.15966796875, 924.821533203125, 862.4420776367188, 812.5275268554688, 747.1650085449219, 684.4981994628906, 639.3004760742188, 596.2254028320312, 561.142578125, 523.5067138671875, 498.33099365234375, 472.2496337890625, 444.01942443847656, 417.54949951171875, 397.1219787597656, 361.5292053222656, 328.1528625488281, 286.77886962890625, 253.4148406982422, 238.4361343383789, 218.78311157226562, 208.20741271972656, 195.4272689819336, 184.46688842773438, 168.26778411865234, 156.257568359375, 146.5322723388672, 138.69664001464844, 126.95206451416016, 114.04475402832031, 107.75893783569336, 102.58260726928711, 96.30424118041992, 91.93958282470703, 87.7901611328125, 82.92678833007812, 80.69604110717773, 77.45383834838867, 74.05918502807617, 69.79418182373047, 68.79347229003906, 63.56791687011719, 64.38821411132812, 58.69670104980469, 58.94366455078125, 56.745832443237305, 52.25567817687988, 52.494266510009766, 52.95363998413086, 50.33271026611328, 48.57126998901367, 48.55950164794922, 44.263301849365234, 44.180171966552734, 40.741310119628906, 41.50582504272461, 39.96685218811035, 38.11833953857422, 37.236488342285156, 34.87730026245117, 35.25459861755371, 33.984500885009766, 31.956828117370605, 31.747267723083496, 30.834733963012695, 29.844955444335938, 29.397521018981934, 28.273820877075195, 27.248839378356934, 28.318899154663086, 27.40491771697998, 27.524009704589844, 25.7900390625, 24.795546531677246, 25.936928749084473, 24.60981559753418, 24.97829532623291, 23.569032669067383, 23.671260833740234, 22.855506896972656, 23.30112648010254, 22.71201229095459, 22.3723201751709, 21.43077850341797, 21.29850959777832, 21.66274070739746, 19.846220016479492], "rho_p84": [3744239.0, 804045.8000000004, 455749.87999999913, 200462.65249999994, 73784.903125, 23731.042734375, 9948.3189453125, 5839.3923828125, 4050.4923925781245, 3016.42025390625, 2396.08376953125, 2075.9358203125003, 1999.3011962890623, 1761.1839990234375, 1594.4709960937503, 1492.361181640625, 1329.2161767578125, 1200.1717041015625, 1107.272998046875, 1011.2907934570312, 943.8019555664063, 897.4976977539062, 831.7682495117188, 778.4960327148438, 736.5465966796875, 711.9662841796875, 689.7906860351562, 668.821025390625, 614.196552734375, 561.1508129882812, 509.9153588867188, 473.39319213867185, 442.96766479492186, 418.58810546875, 398.49603271484364, 390.85945190429686, 365.9818737792969, 347.26852539062503, 325.89970703125, 293.63852539062515, 284.1149255371093, 274.02545166015625, 263.70005493164064, 252.24113098144522, 252.14513671875002, 241.23148681640617, 236.07164550781252, 228.65182861328142, 228.86752258300774, 224.95723388671868, 223.5365179443359, 215.76622985839845, 210.21010498046877, 214.61283508300798, 212.67647155761745, 212.574663696289, 212.0079095458984, 207.50501831054686, 216.3830889892578, 206.63325622558594, 205.41218566894528, 197.4496130371093, 195.6686364746092, 207.58088500976564, 196.91355590820308, 187.8217901611327, 178.70898437499997, 177.82393432617187, 173.67936462402332, 164.71056701660171, 152.92066650390618, 141.58409667968752, 136.06757568359365, 137.3946417236328, 132.01468261718753, 131.40491333007782, 134.10679626464844, 129.73388061523437, 125.46685607910155, 128.1586700439453, 129.4173657226563, 116.14446105957032, 117.26872467041017, 115.80989929199211, 116.7259930419922, 112.97156311035152, 116.25856048583985, 112.26390899658203, 109.48579925537094, 106.19725067138671, 108.87218048095697, 104.84324310302732, 99.22157257080077, 97.8407974243164, 97.73436889648437, 91.53723510742186, 89.8322525024413, 86.6258358764648, 88.66079376220692, 81.78536834716787],