{"SnapshotNumber": 127, "radii": [5.0, 15.0, 25.0, 35.0, 45.0, 55.0, 65.0, 75.0, 85.0, 95.0, 105.0, 115.0, 125.0, 135.0, 145.0, 155.0, 165.0, 175.0, 185.0, 195.0, 205.0, 215.0, 225.0, 235.0, 245.0, 255.0, 265.0, 275.0, 285.0, 295.0, 305.0, 315.0, 325.0, 335.0, 345.0, 355.0, 365.0, 375.0, 385.0, 395.0, 405.0, 415.0, 425.0, 435.0, 445.0, 455.0, 465.0, 475.0, 485.0, 495.0, 505.0, 515.0, 525.0, 535.0, 545.0, 555.0, 565.0, 575.0, 585.0, 595.0, 605.0, 615.0, 625.0, 635.0, 645.0, 655.0, 665.0, 675.0, 685.0, 695.0, 705.0, 715.0, 725.0, 735.0, 745.0, 755.0, 765.0, 775.0, 785.0, 795.0, 805.0, 815.0, 825.0, 835.0, 845.0, 855.0, 865.0, 875.0, 885.0, 895.0, 905.0, 915.0, 925.0, 935.0, 945.0, 955.0, 965.0, 975.0, 985.0, 995.0], "rho_p16": [275330.67250000004, 36835.840625, 19365.649999999998, 10925.4490234375, 5140.3455859375, 2703.0604980468747, 1704.7005078125, 1292.98212890625, 952.101826171875, 779.386328125, 670.1197119140625, 593.8115112304688, 571.4794311523438, 563.8447875976562, 549.9034423828125, 523.0745678710938, 487.5711975097656, 448.18970581054685, 418.0522729492188, 381.57261352539064, 351.84174560546876, 333.05359252929685, 309.053388671875, 286.96643798828126, 260.87738037109375, 238.5314337158203, 224.1165771484375, 203.44869201660157, 180.6225555419922, 165.664677734375, 144.67039184570314, 131.05217590332032, 116.16309997558594, 98.0338348388672, 94.37001861572266, 75.76585235595704, 70.51804382324218, 63.75062316894531, 63.16829345703125, 57.16797027587891, 53.42523559570312, 49.24705505371094, 44.79670318603516, 42.168455352783205, 40.515977935791014, 38.11458969116211, 36.667608947753905, 32.923690948486325, 32.91737747192383, 31.26247787475586, 30.056443405151366, 28.37366600036621, 27.23325523376465, 26.579780197143556, 25.114369735717773, 24.47920539855957, 22.86341567993164, 22.852842864990233, 22.020862655639647, 21.16553840637207, 20.211380004882812, 19.822353439331053, 19.542366027832035, 18.31798400878906, 17.710085144042967, 17.627713012695313, 16.771492309570313, 16.167634658813476, 15.967785644531249, 15.558616447448731, 14.729638633728028, 14.577842445373536, 13.966365737915039, 13.47206382751465, 13.265832901000977, 12.651332664489747, 12.549838256835939, 12.179251289367675, 12.033045387268066, 11.392188034057618, 11.24962745666504, 10.910540771484374, 10.515467109680175, 10.365555763244629, 10.096960487365722, 9.744576301574707, 9.562604217529296, 9.384921455383301, 9.281240692138672, 9.120835571289062, 9.040675315856934, 8.852458381652832, 8.73830665588379, 8.21986328125, 8.102214546203614, 8.028111572265626, 7.900890464782715, 7.735755729675293, 7.785690231323242, 7.449057388305664], "rho_med": [732124.25, 127524.57421875, 77574.578125, 47360.171875, 19856.94140625, 7445.333251953125, 3855.8763427734375, 2762.7685546875, 1969.1950073242188, 1555.606689453125, 1303.265380859375, 1165.9740600585938, 1076.0870361328125, 1019.2315063476562, 933.6479187011719, 859.14453125, 807.411376953125, 743.8294982910156, 689.6122436523438, 631.396240234375, 595.6629333496094, 564.8740234375, 527.194091796875, 501.57879638671875, 470.3816833496094, 441.43495178222656, 418.3751525878906, 392.5921936035156, 362.56219482421875, 327.4053192138672, 285.40338134765625, 257.9736022949219, 236.6293487548828, 225.11651611328125, 206.59915161132812, 196.6985855102539, 179.5321807861328, 171.83782958984375, 157.77688598632812, 146.2572479248047, 139.43905639648438, 127.71245193481445, 112.20777130126953, 108.02680206298828, 102.98885726928711, 97.57498168945312, 92.82494354248047, 88.99732971191406, 81.82545471191406, 80.7572250366211, 77.9045181274414, 71.2645492553711, 69.25691223144531, 67.92216110229492, 65.26846313476562, 65.55986404418945, 57.75348663330078, 59.81451416015625, 58.888811111450195, 54.40379333496094, 53.05561637878418, 52.3858757019043, 49.33644104003906, 47.21805191040039, 46.94878387451172, 43.93550109863281, 43.13072204589844, 42.91044998168945, 40.874210357666016, 39.52838134765625, 38.4742317199707, 36.31694984436035, 35.620086669921875, 33.35771369934082, 34.23175239562988, 32.726383209228516, 31.201894760131836, 30.365528106689453, 30.702536582946777, 29.834470748901367, 28.47774887084961, 27.04678726196289, 27.181077003479004, 26.194165229797363, 25.959582328796387, 26.6039457321167, 24.399474143981934, 26.12184429168701, 23.79694938659668, 24.617753982543945, 24.374099731445312, 22.931415557861328, 23.543996810913086, 22.983867645263672, 22.166732788085938, 22.276135444641113, 21.328312873840332, 20.492429733276367, 21.19598388671875, 20.087703704833984], "rho_p84": [3637994.929999998, 773782.0499999996, 443109.3712500004, 202765.599375, 73136.31093750002, 23256.953906249997, 9655.336640624999, 5866.531933593749, 4116.34814453125, 3023.051806640625, 2427.930419921875, 2060.966748046875, 1958.4688720703125, 1798.98291015625, 1594.3433837890625, 1489.7994091796877, 1347.8834228515625, 1211.1971289062499, 1105.4348876953122, 1026.0689111328124, 939.5420776367188, 896.8288671875, 837.4097192382811, 773.5575756835938, 742.0808715820312, 719.5388598632812, 673.6050170898437, 670.1876953125001, 612.0435058593749, 567.2848486328126, 510.823232421875, 463.0081909179687, 439.48687744140625, 419.86298828125, 402.61873046875, 383.373468017578, 368.752197265625, 343.02740478515625, 322.17333862304685, 296.5535705566406, 281.7958618164063, 271.2089538574219, 260.0172863769531, 250.84078430175782, 252.8812145996094, 238.17416687011712, 238.84280212402342, 234.97565490722653, 225.21389160156252, 223.4771911621093, 221.16827087402342, 220.30923339843744, 214.39922851562503, 221.36713623046876, 211.30232666015624, 215.43967163085935, 214.67888366699216, 207.82696350097655, 209.05869384765626, 202.07789306640626, 212.16630249023436, 198.75241638183581, 202.42589721679687, 206.4096740722656, 198.05152465820308, 186.91413513183593, 181.87053405761716, 181.92617553710912, 169.69405822753893, 163.74981567382807, 153.0685620117186, 145.88858276367188, 141.44112243652341, 135.50728759765607, 132.47734374999996, 133.9989349365234, 131.30204162597653, 125.569187927246, 125.54139556884765, 131.87972778320307, 123.87775238037104, 115.95482116699219, 116.1187973022461, 114.2090866088867, 111.18441558837888, 113.18088317871093, 119.07900207519532, 111.70043029785155, 111.64060424804677, 109.40541717529297, 107.2949719238281, 107.32219848632808, 99.42388519287105, 98.08285491943357, 94.93544311523432, 87.63271118164063, 89.21202087402341, 81.86139251708983, 87.05479675292956, 87.01160858154296],